"COUNTRY.ID","COUNTRY","TIME_PERIOD","OBS_VALUE"
"LKA","Sri Lanka","2014","131.0486"
"LKA","Sri Lanka","2015","144.0623"
"LKA","Sri Lanka","2016","149.8"
"LKA","Sri Lanka","2017","152.8548"
"LKA","Sri Lanka","2018","182.2783"
"LKA","Sri Lanka","2019","181.634"
"LKA","Sri Lanka","2020","186.4082"
"LKA","Sri Lanka","2021","200.4338"
"LKA","Sri Lanka","2022","363.11"
"LKA","Sri Lanka","2023","323.9233"
"GRL","Greenland","2014","6.1214"
"GRL","Greenland","2015","6.83"
"GRL","Greenland","2016","7.0528"
"YEM","Yemen, Republic of","2014","214.89"
"YEM","Yemen, Republic of","2015","245"
"YEM","Yemen, Republic of","2016","303.75"
"YEM","Yemen, Republic of","2017","214.89"
"YEM","Yemen, Republic of","2018","214.89"
"YEM","Yemen, Republic of","2019","612"
"YEM","Yemen, Republic of","2020","669"
"YEM","Yemen, Republic of","2021","972"
"YEM","Yemen, Republic of","2022","1205"
"YEM","Yemen, Republic of","2023","1518"
"BIH","Bosnia and Herzegovina","2014","1.61092990692694"
"BIH","Bosnia and Herzegovina","2015","1.79648204280334"
"BIH","Bosnia and Herzegovina","2016","1.85545014704487"
"BIH","Bosnia and Herzegovina","2017","1.63081"
"BIH","Bosnia and Herzegovina","2018","1.707552"
"BIH","Bosnia and Herzegovina","2019","1.747994"
"BIH","Bosnia and Herzegovina","2020","1.592566"
"BIH","Bosnia and Herzegovina","2021","1.725631"
"BIH","Bosnia and Herzegovina","2022","1.833705"
"BIH","Bosnia and Herzegovina","2023","1.769982"
"BIH","Bosnia and Herzegovina","2024","1.872683"
"SDN","Sudan","2014","5.9722"
"SDN","Sudan","2015","6.09229275"
"SDN","Sudan","2016","6.5943"
"SDN","Sudan","2017","6.68336"
"SDN","Sudan","2018","47.5"
"SDN","Sudan","2019","45"
"SDN","Sudan","2020","55"
"SDN","Sudan","2021","436.2797"
"SDN","Sudan","2022","578.172"
"SYR","Syrian Arab Republic","2014","180.89"
"SYR","Syrian Arab Republic","2015","313.06"
"SYR","Syrian Arab Republic","2016","498.57"
"SYR","Syrian Arab Republic","2017","436.5"
"SYR","Syrian Arab Republic","2018","436.5"
"SYR","Syrian Arab Republic","2019","436.5"
"SYR","Syrian Arab Republic","2020","1256"
"SYR","Syrian Arab Republic","2021","1256"
"SYR","Syrian Arab Republic","2022","2512.503656"
"IRN","Iran, Islamic Republic of","2014","27138"
"IRN","Iran, Islamic Republic of","2015","30130"
"IRN","Iran, Islamic Republic of","2016","32376"
"IRN","Iran, Islamic Republic of","2017","36074"
"IRN","Iran, Islamic Republic of","2018","42000"
"IRN","Iran, Islamic Republic of","2019","42000"
"IRN","Iran, Islamic Republic of","2020","42000"
"IRN","Iran, Islamic Republic of","2021","42000"
"IRN","Iran, Islamic Republic of","2022","42000"
"IRN","Iran, Islamic Republic of","2023","42000"
"LBY","Libya","2014","1.33378427813171"
"LBY","Libya","2015","1.39449965000397"
"LBY","Libya","2016","1.43744467504259"
"LBY","Libya","2017","1.356116084"
"LBY","Libya","2018","1.3910140492419"
"LBY","Libya","2019","1.3963"
"LBY","Libya","2020","1.3366"
"LBY","Libya","2021","4.5961"
"LBY","Libya","2022","4.8288"
"LBY","Libya","2023","4.7753"
"LBY","Libya","2024","4.9159"
"ALB","Albania","2014","115.23"
"ALB","Albania","2015","125.79"
"ALB","Albania","2016","128.17"
"ALB","Albania","2017","111.1"
"ALB","Albania","2018","107.82"
"ALB","Albania","2019","108.64"
"ALB","Albania","2020","100.84"
"ALB","Albania","2021","106.54"
"ALB","Albania","2022","107.05"
"ALB","Albania","2023","93.94"
"ALB","Albania","2024","93.89"
"GIN","Guinea","2014","7227.66632"
"GIN","Guinea","2015","8003.7445"
"GIN","Guinea","2016","9225.3078"
"GIN","Guinea","2017","9006.3592"
"GIN","Guinea","2018","9084.8032"
"GIN","Guinea","2019","9400.8249"
"GIN","Guinea","2020","9990.0017"
"MMR","Myanmar","2014","1031.5"
"MMR","Myanmar","2015","1304"
"MMR","Myanmar","2016","1357.5"
"MMR","Myanmar","2017","1362"
"MMR","Myanmar","2018","1550"
"MMR","Myanmar","2019","1465.5"
"MMR","Myanmar","2020","1329.1"
"MRT","Mauritania, Islamic Republic of","2014","31.264"
"MRT","Mauritania, Islamic Republic of","2015","33.895"
"MRT","Mauritania, Islamic Republic of","2016","35.649"
"MRT","Mauritania, Islamic Republic of","2017","35.348"
"MRT","Mauritania, Islamic Republic of","2018","36.35"
"MRT","Mauritania, Islamic Republic of","2019","37.32"
"MRT","Mauritania, Islamic Republic of","2020","36.67"
"MRT","Mauritania, Islamic Republic of","2021","36.22"
"MRT","Mauritania, Islamic Republic of","2022","36.64"
"MRT","Mauritania, Islamic Republic of","2023","39.28"
"AFG","Afghanistan, Islamic Republic of","2014","57.82"
"AFG","Afghanistan, Islamic Republic of","2015","68.05"
"AFG","Afghanistan, Islamic Republic of","2016","66.8394"
"AFG","Afghanistan, Islamic Republic of","2017","69.4933"
"AFG","Afghanistan, Islamic Republic of","2018","74.9556"
"AFG","Afghanistan, Islamic Republic of","2019","78.4083"
"AFG","Afghanistan, Islamic Republic of","2020","77.105"
"MWI","Malawi","2014","470.78"
"MWI","Malawi","2015","672.68"
"MWI","Malawi","2016","728.62"
"MWI","Malawi","2017","732.03"
"MWI","Malawi","2018","733.69"
"MWI","Malawi","2019","738.873167760501"
"MWI","Malawi","2020","773.112466971451"
"MWI","Malawi","2021","819.4421"
"MWI","Malawi","2022","1034.6746"
"MWI","Malawi","2023","1697.9785"
"MOZ","Mozambique, Republic of","2014","33.6"
"MOZ","Mozambique, Republic of","2015","45.9"
"MOZ","Mozambique, Republic of","2016","71.35"
"MOZ","Mozambique, Republic of","2017","59.02"
"MOZ","Mozambique, Republic of","2018","61.47"
"MOZ","Mozambique, Republic of","2019","61.47"
"MOZ","Mozambique, Republic of","2020","74.9"
"MOZ","Mozambique, Republic of","2021","63.83"
"MOZ","Mozambique, Republic of","2022","63.87"
"MOZ","Mozambique, Republic of","2023","63.9"
"MOZ","Mozambique, Republic of","2024","63.91"
"LTU","Lithuania, Republic of","2014","2.8387"
"SOM","Somalia","2014","20265"
"SOM","Somalia","2015","22285"
"SOM","Somalia","2016","24005"
"SOM","Somalia","2017","23605"
"IRQ","Iraq","2014","1166"
"IRQ","Iraq","2015","1182"
"IRQ","Iraq","2016","1182"
"IRQ","Iraq","2017","1184"
"IRQ","Iraq","2018","1182"
"IRQ","Iraq","2019","1182"
"IRQ","Iraq","2020","1450"
"IRQ","Iraq","2021","1450"
"IRQ","Iraq","2022","1450"
"IRQ","Iraq","2023","1300"
"IRQ","Iraq","2024","1300"
"HRV","Croatia, Republic of","2014","6.302107"
"HRV","Croatia, Republic of","2015","6.991801"
"HRV","Croatia, Republic of","2016","7.168536"
"HRV","Croatia, Republic of","2017","6.269733"
"HRV","Croatia, Republic of","2018","6.469192"
"HRV","Croatia, Republic of","2019","6.649911"
"HRV","Croatia, Republic of","2020","6.139039"
"HRV","Croatia, Republic of","2021","6.643548"
"HRV","Croatia, Republic of","2022","7.064035"
"TON","Tonga","2014","1.95350654424692"
"TON","Tonga","2015","2.20799293442261"
"TON","Tonga","2016","2.24921277552856"
"TON","Tonga","2017","2.20458553791887"
"TON","Tonga","2018","2.27427791676143"
"TON","Tonga","2019","2.28466986520448"
"TON","Tonga","2020","2.27324391907252"
"TON","Tonga","2021","2.27427791676143"
"TON","Tonga","2022","2.34082397003745"
"TON","Tonga","2023","2.33372228704784"
"TON","Tonga","2024","2.43664717348928"
"KGZ","Kyrgyz Republic","2014","58.8865"
"KGZ","Kyrgyz Republic","2015","75.8993"
"KGZ","Kyrgyz Republic","2016","69.2301"
"KGZ","Kyrgyz Republic","2017","68.8395"
"KGZ","Kyrgyz Republic","2018","69.85"
"KGZ","Kyrgyz Republic","2019","69.6439"
"KGZ","Kyrgyz Republic","2020","82.6498"
"KGZ","Kyrgyz Republic","2021","84.7586"
"KGZ","Kyrgyz Republic","2022","85.68"
"KGZ","Kyrgyz Republic","2023","89.0853"
"KGZ","Kyrgyz Republic","2024","87"
"LBN","Lebanon","2014","1507.5"
"LBN","Lebanon","2015","1507.5"
"LBN","Lebanon","2016","1507.5"
"LBN","Lebanon","2017","1507.5"
"LBN","Lebanon","2018","1507.5"
"LBN","Lebanon","2019","1507.5"
"LBN","Lebanon","2020","1507.5"
"LBN","Lebanon","2021","1507.5"
"LBN","Lebanon","2022","1507.5"
"LBN","Lebanon","2023","15000"
"LBN","Lebanon","2024","89500"
"VUT","Vanuatu","2014","102.72"
"VUT","Vanuatu","2015","110.52"
"VUT","Vanuatu","2016","112.28"
"VUT","Vanuatu","2017","107.5"
"VUT","Vanuatu","2018","112.63"
"VUT","Vanuatu","2019","114.3"
"VUT","Vanuatu","2020","107.7"
"VUT","Vanuatu","2021","112.2"
"VUT","Vanuatu","2022","117.24"
"VUT","Vanuatu","2023","116.5"
"VUT","Vanuatu","2024","123.8"
"TZA","Tanzania, United Republic of","2014","1725.78"
"TZA","Tanzania, United Republic of","2015","2148.52"
"TZA","Tanzania, United Republic of","2016","2172.62"
"TZA","Tanzania, United Republic of","2017","2230.07"
"TZA","Tanzania, United Republic of","2018","2281.23"
"TZA","Tanzania, United Republic of","2019","2287.93"
"TZA","Tanzania, United Republic of","2020","2298.46485148515"
"TZA","Tanzania, United Republic of","2021","2297.609109"
"TZA","Tanzania, United Republic of","2022","2308.895"
"TZA","Tanzania, United Republic of","2023","2506.03"
"TZA","Tanzania, United Republic of","2024","2394.755"
"SSD","South Sudan, Republic of","2014","2.95"
"SSD","South Sudan, Republic of","2015","16.6211"
"SSD","South Sudan, Republic of","2016","83.9054"
"SSD","South Sudan, Republic of","2017","127.9441"
"SSD","South Sudan, Republic of","2018","154.03"
"SSD","South Sudan, Republic of","2019","161.09"
"SSD","South Sudan, Republic of","2020","177.2809"
"SSD","South Sudan, Republic of","2021","432.034"
"SSD","South Sudan, Republic of","2022","668.6672"
"SSD","South Sudan, Republic of","2023","1070.985"
"SSD","South Sudan, Republic of","2024","3939.5856"
"SLE","Sierra Leone","2014","4.95334"
"SLE","Sierra Leone","2015","5.6391"
"SLE","Sierra Leone","2016","7.195365"
"SLE","Sierra Leone","2017","7.53696"
"SLE","Sierra Leone","2018","8.39605"
"SLE","Sierra Leone","2019","9.71671"
"SLE","Sierra Leone","2020","10.133355"
"SLE","Sierra Leone","2021","11.224605"
"SLE","Sierra Leone","2022","18.835"
"SLE","Sierra Leone","2023","22.7971"
"SLE","Sierra Leone","2024","22.692"
"LAO","Lao People's Democratic Republic","2014","8086"
"LAO","Lao People's Democratic Republic","2015","8148"
"LAO","Lao People's Democratic Republic","2016","8184"
"LAO","Lao People's Democratic Republic","2017","8293"
"LAO","Lao People's Democratic Republic","2018","8530"
"LAO","Lao People's Democratic Republic","2019","8861"
"LAO","Lao People's Democratic Republic","2020","9274"
"LAO","Lao People's Democratic Republic","2021","11041"
"LAO","Lao People's Democratic Republic","2022","16600"
"LAO","Lao People's Democratic Republic","2023","19162"
"LAO","Lao People's Democratic Republic","2024","20552"
"RUS","Russian Federation","2014","56.2584"
"RUS","Russian Federation","2015","72.8827"
"RUS","Russian Federation","2016","60.6569"
"RUS","Russian Federation","2017","57.6002"
"RUS","Russian Federation","2018","69.4706"
"RUS","Russian Federation","2019","61.9057"
"RUS","Russian Federation","2020","73.8757"
"RUS","Russian Federation","2021","74.2926"
"RUS","Russian Federation","2022","70.3375"
"RUS","Russian Federation","2023","89.6883"
"RUS","Russian Federation","2024","101.68"
"STP","São Tomé and Príncipe, Democratic Republic of","2014","20.14803"
"STP","São Tomé and Príncipe, Democratic Republic of","2015","22.42358"
"STP","São Tomé and Príncipe, Democratic Republic of","2016","23.43825"
"STP","São Tomé and Príncipe, Democratic Republic of","2017","20.52958"
"STP","São Tomé and Príncipe, Democratic Republic of","2018","21.3899"
"STP","São Tomé and Príncipe, Democratic Republic of","2019","21.8965"
"STP","São Tomé and Príncipe, Democratic Republic of","2020","19.9495"
"STP","São Tomé and Príncipe, Democratic Republic of","2021","21.6757"
"STP","São Tomé and Príncipe, Democratic Republic of","2022","23.0069"
"STP","São Tomé and Príncipe, Democratic Republic of","2023","22.0443"
"STP","São Tomé and Príncipe, Democratic Republic of","2024","23.4584"
"FRO","Faroe Islands","2014","6.1214"
"FRO","Faroe Islands","2015","6.83"
"FRO","Faroe Islands","2016","7.0528"
"FRO","Faroe Islands","2017","6.2077"
"FRO","Faroe Islands","2018","6.5194"
"FRO","Faroe Islands","2019","6.6759"
"FRO","Faroe Islands","2020","6.0576"
"FRO","Faroe Islands","2021","6.5612"
"FRO","Faroe Islands","2022","6.9722"
"FRO","Faroe Islands","2023","6.7447"
"FRO","Faroe Islands","2024","7.1429"
"ETH","Ethiopia, The Federal Democratic Republic of","2014","20.1024"
"ETH","Ethiopia, The Federal Democratic Republic of","2015","21.0777"
"ETH","Ethiopia, The Federal Democratic Republic of","2016","22.4104"
"ETH","Ethiopia, The Federal Democratic Republic of","2017","27.2051"
"ETH","Ethiopia, The Federal Democratic Republic of","2018","28.0398"
"ETH","Ethiopia, The Federal Democratic Republic of","2019","31.8041"
"ETH","Ethiopia, The Federal Democratic Republic of","2020","39.1809"
"ETH","Ethiopia, The Federal Democratic Republic of","2021","49.1936"
"ETH","Ethiopia, The Federal Democratic Republic of","2022","53.3387"
"ETH","Ethiopia, The Federal Democratic Republic of","2023","55.9969"
"ETH","Ethiopia, The Federal Democratic Republic of","2024","125.9644"
"QAT","Qatar","2014","3.64"
"QAT","Qatar","2015","3.64"
"QAT","Qatar","2016","3.64"
"QAT","Qatar","2017","3.64"
"QAT","Qatar","2018","3.64"
"QAT","Qatar","2019","3.64"
"QAT","Qatar","2020","3.64"
"QAT","Qatar","2021","3.64"
"QAT","Qatar","2022","3.64"
"QAT","Qatar","2023","3.64"
"QAT","Qatar","2024","3.64"
"ECU","Ecuador","2014","1"
"ECU","Ecuador","2015","1"
"ECU","Ecuador","2016","1"
"ECU","Ecuador","2017","1"
"ECU","Ecuador","2018","1"
"ECU","Ecuador","2019","1"
"ECU","Ecuador","2020","1"
"ECU","Ecuador","2021","1"
"ECU","Ecuador","2022","1"
"ECU","Ecuador","2023","1"
"ECU","Ecuador","2024","1"
"VCT","St. Vincent and the Grenadines","2014","2.7"
"VCT","St. Vincent and the Grenadines","2015","2.7"
"VCT","St. Vincent and the Grenadines","2016","2.7"
"VCT","St. Vincent and the Grenadines","2017","2.7"
"VCT","St. Vincent and the Grenadines","2018","2.7"
"VCT","St. Vincent and the Grenadines","2019","2.7"
"VCT","St. Vincent and the Grenadines","2020","2.7"
"VCT","St. Vincent and the Grenadines","2021","2.7"
"VCT","St. Vincent and the Grenadines","2022","2.7"
"VCT","St. Vincent and the Grenadines","2023","2.7"
"VCT","St. Vincent and the Grenadines","2024","2.7"
"OMN","Oman","2014","0.3845"
"OMN","Oman","2015","0.3845"
"OMN","Oman","2016","0.3845"
"OMN","Oman","2017","0.3845"
"OMN","Oman","2018","0.3845"
"OMN","Oman","2019","0.3845"
"OMN","Oman","2020","0.3845"
"OMN","Oman","2021","0.3845"
"OMN","Oman","2022","0.3845"
"OMN","Oman","2023","0.3845"
"OMN","Oman","2024","0.3845"
"G309","Eastern Caribbean Currency Union (ECCU)","2014","2.7"
"G309","Eastern Caribbean Currency Union (ECCU)","2015","2.7"
"G309","Eastern Caribbean Currency Union (ECCU)","2016","2.7"
"G309","Eastern Caribbean Currency Union (ECCU)","2017","2.7"
"G309","Eastern Caribbean Currency Union (ECCU)","2018","2.7"
"G309","Eastern Caribbean Currency Union (ECCU)","2019","2.7"
"G309","Eastern Caribbean Currency Union (ECCU)","2020","2.7"
"G309","Eastern Caribbean Currency Union (ECCU)","2021","2.7"
"G309","Eastern Caribbean Currency Union (ECCU)","2022","2.7"
"G309","Eastern Caribbean Currency Union (ECCU)","2023","2.7"
"G309","Eastern Caribbean Currency Union (ECCU)","2024","2.7"
"PAN","Panama","2014","1"
"PAN","Panama","2015","1"
"PAN","Panama","2016","1"
"PAN","Panama","2017","1"
"PAN","Panama","2018","1"
"PAN","Panama","2019","1"
"PAN","Panama","2020","1"
"PAN","Panama","2021","1"
"PAN","Panama","2022","1"
"PAN","Panama","2023","1"
"PAN","Panama","2024","1"
"SXM","Sint Maarten, Kingdom of the Netherlands","2014","1.79"
"SXM","Sint Maarten, Kingdom of the Netherlands","2015","1.79"
"SXM","Sint Maarten, Kingdom of the Netherlands","2016","1.79"
"SXM","Sint Maarten, Kingdom of the Netherlands","2017","1.79"
"SXM","Sint Maarten, Kingdom of the Netherlands","2018","1.79"
"SXM","Sint Maarten, Kingdom of the Netherlands","2019","1.79"
"SXM","Sint Maarten, Kingdom of the Netherlands","2020","1.79"
"SXM","Sint Maarten, Kingdom of the Netherlands","2021","1.79"
"SXM","Sint Maarten, Kingdom of the Netherlands","2022","1.79"
"SXM","Sint Maarten, Kingdom of the Netherlands","2023","1.79"
"SXM","Sint Maarten, Kingdom of the Netherlands","2024","1.79"
"CYM","Cayman Islands","2014","0.83333"
"CYM","Cayman Islands","2015","0.83333"
"CYM","Cayman Islands","2016","0.83333"
"CYM","Cayman Islands","2017","0.83333"
"CYM","Cayman Islands","2018","0.83333"
"CYM","Cayman Islands","2019","0.83333"
"CYM","Cayman Islands","2020","0.83333"
"CYM","Cayman Islands","2021","0.83333"
"CYM","Cayman Islands","2022","0.83333"
"CYM","Cayman Islands","2023","0.83333"
"CYM","Cayman Islands","2024","0.83333"
"AIA","Anguilla, United Kingdom-British Overseas Territory","2014","2.7"
"AIA","Anguilla, United Kingdom-British Overseas Territory","2015","2.7"
"AIA","Anguilla, United Kingdom-British Overseas Territory","2016","2.7"
"AIA","Anguilla, United Kingdom-British Overseas Territory","2017","2.7"
"AIA","Anguilla, United Kingdom-British Overseas Territory","2018","2.7"
"AIA","Anguilla, United Kingdom-British Overseas Territory","2019","2.7"
"AIA","Anguilla, United Kingdom-British Overseas Territory","2020","2.7"
"AIA","Anguilla, United Kingdom-British Overseas Territory","2021","2.7"
"AIA","Anguilla, United Kingdom-British Overseas Territory","2022","2.7"
"AIA","Anguilla, United Kingdom-British Overseas Territory","2023","2.7"
"AIA","Anguilla, United Kingdom-British Overseas Territory","2024","2.7"
"BHR","Bahrain, Kingdom of","2014","0.376"
"BHR","Bahrain, Kingdom of","2015","0.376"
"BHR","Bahrain, Kingdom of","2016","0.376"
"BHR","Bahrain, Kingdom of","2017","0.376"
"BHR","Bahrain, Kingdom of","2018","0.376"
"BHR","Bahrain, Kingdom of","2019","0.376"
"BHR","Bahrain, Kingdom of","2020","0.376"
"BHR","Bahrain, Kingdom of","2021","0.376"
"BHR","Bahrain, Kingdom of","2022","0.376"
"BHR","Bahrain, Kingdom of","2023","0.376"
"BHR","Bahrain, Kingdom of","2024","0.376"
"ERI","Eritrea, The State of","2014","15.375"
"ERI","Eritrea, The State of","2015","15.375"
"ERI","Eritrea, The State of","2016","15.075"
"ERI","Eritrea, The State of","2017","15.075"
"ERI","Eritrea, The State of","2018","15.075"
"ERI","Eritrea, The State of","2019","15.075"
"ERI","Eritrea, The State of","2020","15.075"
"ERI","Eritrea, The State of","2021","15.075"
"ERI","Eritrea, The State of","2022","15.075"
"ERI","Eritrea, The State of","2023","15.075"
"ERI","Eritrea, The State of","2024","15.075"
"DJI","Djibouti","2014","177.721"
"DJI","Djibouti","2015","177.721"
"DJI","Djibouti","2016","177.721"
"DJI","Djibouti","2017","177.721"
"DJI","Djibouti","2018","177.721"
"DJI","Djibouti","2019","177.721"
"DJI","Djibouti","2020","177.721"
"DJI","Djibouti","2021","177.721"
"DJI","Djibouti","2022","177.721"
"DJI","Djibouti","2023","177.721"
"DJI","Djibouti","2024","177.721"
"CUW","Curaçao, Kingdom of the Netherlands","2014","1.79"
"CUW","Curaçao, Kingdom of the Netherlands","2015","1.79"
"CUW","Curaçao, Kingdom of the Netherlands","2016","1.79"
"CUW","Curaçao, Kingdom of the Netherlands","2017","1.79"
"CUW","Curaçao, Kingdom of the Netherlands","2018","1.79"
"CUW","Curaçao, Kingdom of the Netherlands","2019","1.79"
"CUW","Curaçao, Kingdom of the Netherlands","2020","1.79"
"CUW","Curaçao, Kingdom of the Netherlands","2021","1.79"
"CUW","Curaçao, Kingdom of the Netherlands","2022","1.79"
"CUW","Curaçao, Kingdom of the Netherlands","2023","1.79"
"CUW","Curaçao, Kingdom of the Netherlands","2024","1.79"
"SAU","Saudi Arabia","2014","3.75"
"SAU","Saudi Arabia","2015","3.75"
"SAU","Saudi Arabia","2016","3.75"
"SAU","Saudi Arabia","2017","3.75"
"SAU","Saudi Arabia","2018","3.75"
"SAU","Saudi Arabia","2019","3.75"
"SAU","Saudi Arabia","2020","3.75"
"SAU","Saudi Arabia","2021","3.75"
"SAU","Saudi Arabia","2022","3.75"
"SAU","Saudi Arabia","2023","3.75"
"SAU","Saudi Arabia","2024","3.75"
"BMU","Bermuda","2014","1"
"BMU","Bermuda","2015","1"
"BMU","Bermuda","2016","1"
"BMU","Bermuda","2017","1"
"BMU","Bermuda","2018","1"
"BMU","Bermuda","2019","1"
"BMU","Bermuda","2020","1"
"BMU","Bermuda","2021","1"
"BMU","Bermuda","2022","1"
"BMU","Bermuda","2023","1"
"BMU","Bermuda","2024","1"
"ATG","Antigua and Barbuda","2014","2.7"
"ATG","Antigua and Barbuda","2015","2.7"
"ATG","Antigua and Barbuda","2016","2.7"
"ATG","Antigua and Barbuda","2017","2.7"
"ATG","Antigua and Barbuda","2018","2.7"
"ATG","Antigua and Barbuda","2019","2.7"
"ATG","Antigua and Barbuda","2020","2.7"
"ATG","Antigua and Barbuda","2021","2.7"
"ATG","Antigua and Barbuda","2022","2.7"
"ATG","Antigua and Barbuda","2023","2.7"
"ATG","Antigua and Barbuda","2024","2.7"
"BHS","Bahamas, The","2014","1"
"BHS","Bahamas, The","2015","1"
"BHS","Bahamas, The","2016","1"
"BHS","Bahamas, The","2017","1"
"BHS","Bahamas, The","2018","1"
"BHS","Bahamas, The","2019","1"
"BHS","Bahamas, The","2020","1"
"BHS","Bahamas, The","2021","1"
"BHS","Bahamas, The","2022","1"
"BHS","Bahamas, The","2023","1"
"BHS","Bahamas, The","2024","1"
"KNA","St. Kitts and Nevis","2014","2.7"
"KNA","St. Kitts and Nevis","2015","2.7"
"KNA","St. Kitts and Nevis","2016","2.7"
"KNA","St. Kitts and Nevis","2017","2.7"
"KNA","St. Kitts and Nevis","2018","2.7"
"KNA","St. Kitts and Nevis","2019","2.7"
"KNA","St. Kitts and Nevis","2020","2.7"
"KNA","St. Kitts and Nevis","2021","2.7"
"KNA","St. Kitts and Nevis","2022","2.7"
"KNA","St. Kitts and Nevis","2023","2.7"
"KNA","St. Kitts and Nevis","2024","2.7"
"JOR","Jordan","2014","0.71"
"JOR","Jordan","2015","0.71"
"JOR","Jordan","2016","0.71"
"JOR","Jordan","2017","0.71"
"JOR","Jordan","2018","0.71"
"JOR","Jordan","2019","0.71"
"JOR","Jordan","2020","0.71"
"JOR","Jordan","2021","0.71"
"JOR","Jordan","2022","0.71"
"JOR","Jordan","2023","0.71"
"JOR","Jordan","2024","0.71"
"PLW","Palau, Republic of","2014","1"
"PLW","Palau, Republic of","2015","1"
"PLW","Palau, Republic of","2016","1"
"PLW","Palau, Republic of","2017","1"
"PLW","Palau, Republic of","2018","1"
"PLW","Palau, Republic of","2019","1"
"PLW","Palau, Republic of","2020","1"
"PLW","Palau, Republic of","2021","1"
"PLW","Palau, Republic of","2022","1"
"PLW","Palau, Republic of","2023","1"
"PLW","Palau, Republic of","2024","1"
"ABW","Aruba, Kingdom of the Netherlands","2014","1.79"
"ABW","Aruba, Kingdom of the Netherlands","2015","1.79"
"ABW","Aruba, Kingdom of the Netherlands","2016","1.79"
"ABW","Aruba, Kingdom of the Netherlands","2017","1.79"
"ABW","Aruba, Kingdom of the Netherlands","2018","1.79"
"ABW","Aruba, Kingdom of the Netherlands","2019","1.79"
"ABW","Aruba, Kingdom of the Netherlands","2020","1.79"
"ABW","Aruba, Kingdom of the Netherlands","2021","1.79"
"ABW","Aruba, Kingdom of the Netherlands","2022","1.79"
"ABW","Aruba, Kingdom of the Netherlands","2023","1.79"
"ABW","Aruba, Kingdom of the Netherlands","2024","1.79"
"FSM","Micronesia, Federated States of","2014","1"
"FSM","Micronesia, Federated States of","2015","1"
"FSM","Micronesia, Federated States of","2016","1"
"FSM","Micronesia, Federated States of","2017","1"
"FSM","Micronesia, Federated States of","2018","1"
"FSM","Micronesia, Federated States of","2019","1"
"FSM","Micronesia, Federated States of","2020","1"
"FSM","Micronesia, Federated States of","2021","1"
"FSM","Micronesia, Federated States of","2022","1"
"FSM","Micronesia, Federated States of","2023","1"
"FSM","Micronesia, Federated States of","2024","1"
"MSR","Montserrat, United Kingdom-British Overseas Territory","2014","2.7"
"MSR","Montserrat, United Kingdom-British Overseas Territory","2015","2.7"
"MSR","Montserrat, United Kingdom-British Overseas Territory","2016","2.7"
"MSR","Montserrat, United Kingdom-British Overseas Territory","2017","2.7"
"MSR","Montserrat, United Kingdom-British Overseas Territory","2018","2.7"
"MSR","Montserrat, United Kingdom-British Overseas Territory","2019","2.7"
"MSR","Montserrat, United Kingdom-British Overseas Territory","2020","2.7"
"MSR","Montserrat, United Kingdom-British Overseas Territory","2021","2.7"
"MSR","Montserrat, United Kingdom-British Overseas Territory","2022","2.7"
"MSR","Montserrat, United Kingdom-British Overseas Territory","2023","2.7"
"MSR","Montserrat, United Kingdom-British Overseas Territory","2024","2.7"
"USA","United States","2014","1"
"USA","United States","2015","1"
"USA","United States","2016","1"
"USA","United States","2017","1"
"USA","United States","2018","1"
"USA","United States","2019","1"
"USA","United States","2020","1"
"USA","United States","2021","1"
"USA","United States","2022","1"
"USA","United States","2023","1"
"USA","United States","2024","1"
"LCA","St. Lucia","2014","2.7"
"LCA","St. Lucia","2015","2.7"
"LCA","St. Lucia","2016","2.7"
"LCA","St. Lucia","2017","2.7"
"LCA","St. Lucia","2018","2.7"
"LCA","St. Lucia","2019","2.7"
"LCA","St. Lucia","2020","2.7"
"LCA","St. Lucia","2021","2.7"
"LCA","St. Lucia","2022","2.7"
"LCA","St. Lucia","2023","2.7"
"LCA","St. Lucia","2024","2.7"
"ISL","Iceland","2014","126.9"
"ISL","Iceland","2015","129.59"
"ISL","Iceland","2016","112.82"
"ISL","Iceland","2017","104.42"
"ISL","Iceland","2018","116.33"
"ISL","Iceland","2019","121.1"
"ISL","Iceland","2020","127.21"
"ISL","Iceland","2021","130.38"
"ISL","Iceland","2022","142.04"
"ISL","Iceland","2023","136.2"
"ISL","Iceland","2024","138.2"
"DOM","Dominican Republic","2014","44.3563"
"DOM","Dominican Republic","2015","45.5544"
"DOM","Dominican Republic","2016","46.7062"
"DOM","Dominican Republic","2017","48.2993"
"DOM","Dominican Republic","2018","50.2762"
"DOM","Dominican Republic","2019","52.9601"
"DOM","Dominican Republic","2020","58.3259"
"DOM","Dominican Republic","2021","57.5451"
"DOM","Dominican Republic","2022","56.4142"
"DOM","Dominican Republic","2023","58.2565"
"DOM","Dominican Republic","2024","61.322"
"SLV","El Salvador","2014","1"
"SLV","El Salvador","2015","1"
"SLV","El Salvador","2016","1"
"SLV","El Salvador","2017","1"
"SLV","El Salvador","2018","1"
"SLV","El Salvador","2019","1"
"SLV","El Salvador","2020","1"
"SLV","El Salvador","2021","1"
"SLV","El Salvador","2022","1"
"SLV","El Salvador","2023","1"
"SLV","El Salvador","2024","1"
"DMA","Dominica","2014","2.7"
"DMA","Dominica","2015","2.7"
"DMA","Dominica","2016","2.7"
"DMA","Dominica","2017","2.7"
"DMA","Dominica","2018","2.7"
"DMA","Dominica","2019","2.7"
"DMA","Dominica","2020","2.7"
"DMA","Dominica","2021","2.7"
"DMA","Dominica","2022","2.7"
"DMA","Dominica","2023","2.7"
"DMA","Dominica","2024","2.7"
"IDN","Indonesia","2014","12440"
"IDN","Indonesia","2015","13795"
"IDN","Indonesia","2016","13436"
"IDN","Indonesia","2017","13548"
"IDN","Indonesia","2018","14481"
"IDN","Indonesia","2019","13901.005"
"IDN","Indonesia","2020","14105.005"
"IDN","Indonesia","2021","14269.005"
"IDN","Indonesia","2022","15731"
"IDN","Indonesia","2023","15416"
"IDN","Indonesia","2024","16162"
"GEO","Georgia","2014","1.8636"
"GEO","Georgia","2015","2.3949"
"GEO","Georgia","2016","2.6468"
"GEO","Georgia","2017","2.5922"
"GEO","Georgia","2018","2.6766"
"GEO","Georgia","2019","2.8677"
"GEO","Georgia","2020","3.2766"
"GEO","Georgia","2021","3.0976"
"GEO","Georgia","2022","2.702"
"GEO","Georgia","2023","2.6894"
"GEO","Georgia","2024","2.8068"
"IND","India","2014","63.3315"
"IND","India","2015","66.326"
"IND","India","2016","67.9547"
"IND","India","2017","63.9273"
"IND","India","2018","69.7923"
"IND","India","2019","71.274"
"IND","India","2020","73.0536"
"IND","India","2021","74.3025"
"IND","India","2022","82.7862"
"IND","India","2023","83.1164"
"IND","India","2024","85.6232"
"BTN","Bhutan","2014","63.3315"
"BTN","Bhutan","2015","66.326"
"BTN","Bhutan","2016","67.9547"
"BTN","Bhutan","2017","63.9273"
"BTN","Bhutan","2018","69.7923"
"BTN","Bhutan","2019","71.274"
"BTN","Bhutan","2020","73.0536"
"BTN","Bhutan","2021","74.3025"
"BTN","Bhutan","2022","82.7862"
"BTN","Bhutan","2023","83.1164"
"BTN","Bhutan","2024","85.6232"
"IMN","Isle of Man","2014","0.640697078421322"
"IMN","Isle of Man","2015","0.674809366354005"
"IMN","Isle of Man","2016","0.812875955129247"
"IMN","Isle of Man","2017","0.740110276431188"
"IMN","Isle of Man","2018","0.787680674254657"
"IMN","Isle of Man","2019","0.762107990702283"
"IMN","Isle of Man","2020","0.745156482861401"
"IMN","Isle of Man","2021","0.744379931517046"
"IMN","Isle of Man","2022","0.828637719588996"
"IMN","Isle of Man","2023","0.785206705665266"
"IMN","Isle of Man","2024","0.797098561237097"
"SMR","San Marino, Republic of","2014","0.823655382587925"
"SMR","San Marino, Republic of","2015","0.918526683200147"
"SMR","San Marino, Republic of","2016","0.948676596148373"
"SMR","San Marino, Republic of","2017","0.833819728174769"
"SMR","San Marino, Republic of","2018","0.873362445414847"
"SMR","San Marino, Republic of","2019","0.890154886950329"
"SMR","San Marino, Republic of","2020","0.814929508597506"
"SMR","San Marino, Republic of","2021","0.88292424509977"
"SMR","San Marino, Republic of","2022","0.937558597412338"
"SMR","San Marino, Republic of","2023","0.904977375565611"
"SMR","San Marino, Republic of","2024","0.9625565501973241"
"CIV","Côte d'Ivoire","2014","540.282513796228"
"CIV","Côte d'Ivoire","2015","602.514007531919"
"CIV","Côte d'Ivoire","2016","622.291053979698"
"CIV","Côte d'Ivoire","2017","546.949887434337"
"CIV","Côte d'Ivoire","2018","572.888209606987"
"CIV","Côte d'Ivoire","2019","583.903329179277"
"CIV","Côte d'Ivoire","2020","534.558715671094"
"CIV","Côte d'Ivoire","2021","579.16033904291"
"CIV","Côte d'Ivoire","2022","614.998124882805"
"CIV","Côte d'Ivoire","2023","593.626244343891"
"CIV","Côte d'Ivoire","2024","631.3957069977861"
"BWA","Botswana","2014","9.5146"
"BWA","Botswana","2015","11.2351"
"BWA","Botswana","2016","10.6486"
"BWA","Botswana","2017","9.8684"
"BWA","Botswana","2018","10.7334"
"BWA","Botswana","2019","10.6214"
"BWA","Botswana","2020","10.7894"
"BWA","Botswana","2021","11.7428"
"BWA","Botswana","2022","12.7783"
"BWA","Botswana","2023","13.4205"
"BWA","Botswana","2024","13.9514"
"MEX","Mexico","2014","14.718"
"MEX","Mexico","2015","17.2065"
"MEX","Mexico","2016","20.7314"
"MEX","Mexico","2017","19.7867"
"MEX","Mexico","2018","19.6829"
"MEX","Mexico","2019","18.8452"
"MEX","Mexico","2020","19.9487"
"MEX","Mexico","2021","20.5835"
"MEX","Mexico","2022","19.4143"
"MEX","Mexico","2023","16.922"
"MEX","Mexico","2024","20.2683"
"G758","Central African Economic and Monetary Community (CEMAC)","2014","540.282513796228"
"G758","Central African Economic and Monetary Community (CEMAC)","2015","602.514007531919"
"G758","Central African Economic and Monetary Community (CEMAC)","2016","622.291053979698"
"G758","Central African Economic and Monetary Community (CEMAC)","2017","546.949887434337"
"G758","Central African Economic and Monetary Community (CEMAC)","2018","572.888209606987"
"G758","Central African Economic and Monetary Community (CEMAC)","2019","583.903329179277"
"G758","Central African Economic and Monetary Community (CEMAC)","2020","534.558715671094"
"G758","Central African Economic and Monetary Community (CEMAC)","2021","579.16033904291"
"G758","Central African Economic and Monetary Community (CEMAC)","2022","614.998124882805"
"G758","Central African Economic and Monetary Community (CEMAC)","2023","593.626244343891"
"G758","Central African Economic and Monetary Community (CEMAC)","2024","631.3957069977861"
"TTO","Trinidad and Tobago","2014","6.3927"
"TTO","Trinidad and Tobago","2015","6.4493"
"TTO","Trinidad and Tobago","2016","6.7539"
"TTO","Trinidad and Tobago","2017","6.7636"
"TTO","Trinidad and Tobago","2018","6.7792"
"TTO","Trinidad and Tobago","2019","6.7706"
"TTO","Trinidad and Tobago","2020","6.7327"
"TTO","Trinidad and Tobago","2021","6.7716"
"TTO","Trinidad and Tobago","2022","6.7327"
"TTO","Trinidad and Tobago","2023","6.7734"
"TTO","Trinidad and Tobago","2024","6.7556"
"COM","Comoros, Union of the","2014","405.2118853471707"
"COM","Comoros, Union of the","2015","451.8855056489391"
"COM","Comoros, Union of the","2016","466.7182904847737"
"COM","Comoros, Union of the","2017","410.2124155757525"
"COM","Comoros, Union of the","2018","429.6661572052402"
"COM","Comoros, Union of the","2019","437.9274968844579"
"COM","Comoros, Union of the","2020","400.9190367533208"
"COM","Comoros, Union of the","2021","434.3702542821826"
"COM","Comoros, Union of the","2022","461.2485936621039"
"COM","Comoros, Union of the","2023","445.2196832579186"
"COM","Comoros, Union of the","2024","473.5467802483396"
"MNE","Montenegro","2014","0.823655382587925"
"MNE","Montenegro","2015","0.918526683200147"
"MNE","Montenegro","2016","0.948676596148373"
"MNE","Montenegro","2017","0.833819728174769"
"MNE","Montenegro","2018","0.873362445414847"
"MNE","Montenegro","2019","0.890154886950329"
"MNE","Montenegro","2020","0.814929508597506"
"MNE","Montenegro","2021","0.88292424509977"
"MNE","Montenegro","2022","0.937558597412338"
"MNE","Montenegro","2023","0.904977375565611"
"MNE","Montenegro","2024","0.9625565501973241"
"BRN","Brunei Darussalam","2014","1.3213"
"BRN","Brunei Darussalam","2015","1.4139"
"BRN","Brunei Darussalam","2016","1.4463"
"BRN","Brunei Darussalam","2017","1.3366"
"BRN","Brunei Darussalam","2018","1.3685"
"BRN","Brunei Darussalam","2019","1.3498"
"BRN","Brunei Darussalam","2020","1.3352"
"BRN","Brunei Darussalam","2021","1.3615"
"BRN","Brunei Darussalam","2022","1.3522"
"BRN","Brunei Darussalam","2023","1.3269"
"BRN","Brunei Darussalam","2024","1.3544"
"G163","Euro Area (EA)","2014","0.8236553825879252"
"G163","Euro Area (EA)","2015","0.918526683200147"
"G163","Euro Area (EA)","2016","0.948676596148373"
"G163","Euro Area (EA)","2017","0.8338197281747686"
"G163","Euro Area (EA)","2018","0.8733624454148472"
"G163","Euro Area (EA)","2019","0.8901548869503294"
"G163","Euro Area (EA)","2020","0.8149295085975063"
"G163","Euro Area (EA)","2021","0.8829242450997704"
"G163","Euro Area (EA)","2022","0.9375585974123383"
"G163","Euro Area (EA)","2023","0.9049773755656109"
"G163","Euro Area (EA)","2024","0.9625565501973241"
"MUS","Mauritius","2014","31.7281"
"MUS","Mauritius","2015","35.8887"
"MUS","Mauritius","2016","36.0101"
"MUS","Mauritius","2017","33.4838"
"MUS","Mauritius","2018","34.2488"
"MUS","Mauritius","2019","36.6001"
"MUS","Mauritius","2020","39.5286"
"MUS","Mauritius","2021","43.5294"
"MUS","Mauritius","2022","43.8941"
"MUS","Mauritius","2023","44.3016"
"MUS","Mauritius","2024","47.3042"
"GAB","Gabon","2014","540.282513796228"
"GAB","Gabon","2015","602.514007531919"
"GAB","Gabon","2016","622.291053979698"
"GAB","Gabon","2017","546.949887434337"
"GAB","Gabon","2018","572.888209606987"
"GAB","Gabon","2019","583.903329179277"
"GAB","Gabon","2020","534.558715671094"
"GAB","Gabon","2021","579.16033904291"
"GAB","Gabon","2022","614.998124882805"
"GAB","Gabon","2023","593.626244343891"
"GAB","Gabon","2024","631.3957069977861"
"KOR","Korea, Republic of","2014","1099.2"
"KOR","Korea, Republic of","2015","1172"
"KOR","Korea, Republic of","2016","1208.5"
"KOR","Korea, Republic of","2017","1071.4"
"KOR","Korea, Republic of","2018","1118.1"
"KOR","Korea, Republic of","2019","1157.8"
"KOR","Korea, Republic of","2020","1088"
"KOR","Korea, Republic of","2021","1186.6"
"KOR","Korea, Republic of","2022","1267.3"
"KOR","Korea, Republic of","2023","1289.4"
"KOR","Korea, Republic of","2024","1470"
"G759","West African Economic and Monetary Union (WAEMU)","2014","540.282513796228"
"G759","West African Economic and Monetary Union (WAEMU)","2015","602.514007531919"
"G759","West African Economic and Monetary Union (WAEMU)","2016","622.291053979698"
"G759","West African Economic and Monetary Union (WAEMU)","2017","546.949887434337"
"G759","West African Economic and Monetary Union (WAEMU)","2018","572.888209606987"
"G759","West African Economic and Monetary Union (WAEMU)","2019","583.903329179277"
"G759","West African Economic and Monetary Union (WAEMU)","2020","534.558715671094"
"G759","West African Economic and Monetary Union (WAEMU)","2021","579.16033904291"
"G759","West African Economic and Monetary Union (WAEMU)","2022","614.998124882805"
"G759","West African Economic and Monetary Union (WAEMU)","2023","593.626244343891"
"G759","West African Economic and Monetary Union (WAEMU)","2024","631.3957069977861"
"BEN","Benin","2014","540.282513796228"
"BEN","Benin","2015","602.514007531919"
"BEN","Benin","2016","622.291053979698"
"BEN","Benin","2017","546.949887434337"
"BEN","Benin","2018","572.888209606987"
"BEN","Benin","2019","583.903329179277"
"BEN","Benin","2020","534.558715671094"
"BEN","Benin","2021","579.16033904291"
"BEN","Benin","2022","614.998124882805"
"BEN","Benin","2023","593.626244343891"
"BEN","Benin","2024","631.3957069977861"
"SEN","Senegal","2014","540.282513796228"
"SEN","Senegal","2015","602.514007531919"
"SEN","Senegal","2016","622.291053979698"
"SEN","Senegal","2017","546.949887434337"
"SEN","Senegal","2018","572.888209606987"
"SEN","Senegal","2019","583.903329179277"
"SEN","Senegal","2020","534.558715671094"
"SEN","Senegal","2021","579.16033904291"
"SEN","Senegal","2022","614.998124882805"
"SEN","Senegal","2023","593.626244343891"
"SEN","Senegal","2024","631.3957069977861"
"TGO","Togo","2014","540.282513796228"
"TGO","Togo","2015","602.514007531919"
"TGO","Togo","2016","622.291053979698"
"TGO","Togo","2017","546.949887434337"
"TGO","Togo","2018","572.888209606987"
"TGO","Togo","2019","583.903329179277"
"TGO","Togo","2020","534.558715671094"
"TGO","Togo","2021","579.16033904291"
"TGO","Togo","2022","614.998124882805"
"TGO","Togo","2023","593.626244343891"
"TGO","Togo","2024","631.3957069977861"
"UKR","Ukraine","2014","15.768556"
"UKR","Ukraine","2015","24.000667"
"UKR","Ukraine","2016","27.190858"
"UKR","Ukraine","2017","28.067223"
"UKR","Ukraine","2018","27.688264"
"UKR","Ukraine","2019","23.6862"
"UKR","Ukraine","2020","28.2746"
"UKR","Ukraine","2021","27.2782"
"UKR","Ukraine","2022","36.5686"
"UKR","Ukraine","2023","37.9824"
"UKR","Ukraine","2024","42.039"
"KOS","Kosovo, Republic of","2014","0.823655382587925"
"KOS","Kosovo, Republic of","2015","0.918526683200147"
"KOS","Kosovo, Republic of","2016","0.948676596148373"
"KOS","Kosovo, Republic of","2017","0.833819728174769"
"KOS","Kosovo, Republic of","2018","0.873362445414847"
"KOS","Kosovo, Republic of","2019","0.890154886950329"
"KOS","Kosovo, Republic of","2020","0.814929508597506"
"KOS","Kosovo, Republic of","2021","0.88292424509977"
"KOS","Kosovo, Republic of","2022","0.937558597412338"
"KOS","Kosovo, Republic of","2023","0.904977375565611"
"KOS","Kosovo, Republic of","2024","0.9625565501973241"
"CMR","Cameroon","2014","540.282513796228"
"CMR","Cameroon","2015","602.514007531919"
"CMR","Cameroon","2016","622.291053979698"
"CMR","Cameroon","2017","546.949887434337"
"CMR","Cameroon","2018","572.888209606987"
"CMR","Cameroon","2019","583.903329179277"
"CMR","Cameroon","2020","534.558715671094"
"CMR","Cameroon","2021","579.16033904291"
"CMR","Cameroon","2022","614.998124882805"
"CMR","Cameroon","2023","593.626244343891"
"CMR","Cameroon","2024","631.3957069977861"
"CHN","China, People's Republic of","2014","6.119"
"CHN","China, People's Republic of","2015","6.4915"
"CHN","China, People's Republic of","2016","6.9498"
"CHN","China, People's Republic of","2017","6.5116"
"CHN","China, People's Republic of","2018","6.853"
"CHN","China, People's Republic of","2019","6.987"
"CHN","China, People's Republic of","2020","6.5349"
"CHN","China, People's Republic of","2021","6.3704"
"CHN","China, People's Republic of","2022","6.986"
"CHN","China, People's Republic of","2023","7.1436"
"CHN","China, People's Republic of","2024","7.2992"
"GGY","Guernsey","2014","0.640697078421322"
"GGY","Guernsey","2015","0.674809366354005"
"GGY","Guernsey","2016","0.812875955129247"
"GGY","Guernsey","2017","0.740110276431188"
"GGY","Guernsey","2018","0.787680674254657"
"GGY","Guernsey","2019","0.762107990702283"
"GGY","Guernsey","2020","0.745156482861401"
"GGY","Guernsey","2021","0.744379931517046"
"GGY","Guernsey","2022","0.828637719588996"
"GGY","Guernsey","2023","0.785206705665266"
"GGY","Guernsey","2024","0.797098561237097"
"MYS","Malaysia","2014","3.495"
"MYS","Malaysia","2015","4.292"
"MYS","Malaysia","2016","4.486"
"MYS","Malaysia","2017","4.062"
"MYS","Malaysia","2018","4.1385"
"MYS","Malaysia","2019","4.0925"
"MYS","Malaysia","2020","4.013"
"MYS","Malaysia","2021","4.176"
"MYS","Malaysia","2022","4.413"
"MYS","Malaysia","2023","4.5915"
"MYS","Malaysia","2024","4.47"
"GBR","United Kingdom","2014","0.640697078421322"
"GBR","United Kingdom","2015","0.674809366354005"
"GBR","United Kingdom","2016","0.812875955129247"
"GBR","United Kingdom","2017","0.7401102764311882"
"GBR","United Kingdom","2018","0.7876806742546572"
"GBR","United Kingdom","2019","0.7621079907022825"
"GBR","United Kingdom","2020","0.7451564828614009"
"GBR","United Kingdom","2021","0.7443799315170463"
"GBR","United Kingdom","2022","0.8286377195889957"
"GBR","United Kingdom","2023","0.7852067056652664"
"GBR","United Kingdom","2024","0.797098561237097"
"GNQ","Equatorial Guinea, Republic of","2014","540.282513796228"
"GNQ","Equatorial Guinea, Republic of","2015","602.514007531919"
"GNQ","Equatorial Guinea, Republic of","2016","622.291053979698"
"GNQ","Equatorial Guinea, Republic of","2017","546.949887434337"
"GNQ","Equatorial Guinea, Republic of","2018","572.888209606987"
"GNQ","Equatorial Guinea, Republic of","2019","583.903329179277"
"GNQ","Equatorial Guinea, Republic of","2020","534.558715671094"
"GNQ","Equatorial Guinea, Republic of","2021","579.16033904291"
"GNQ","Equatorial Guinea, Republic of","2022","614.998124882805"
"GNQ","Equatorial Guinea, Republic of","2023","593.626244343891"
"GNQ","Equatorial Guinea, Republic of","2024","631.3957069977861"
"PYF","French Polynesia","2014","98.2881970183675"
"PYF","French Polynesia","2015","109.609350601635"
"PYF","French Polynesia","2016","113.207190968599"
"PYF","French Polynesia","2017","99.501125656633"
"PYF","French Polynesia","2018","104.219825327511"
"PYF","French Polynesia","2019","106.223695923091"
"PYF","French Polynesia","2020","97.246923641105"
"PYF","French Polynesia","2021","105.360851138972"
"PYF","French Polynesia","2022","111.88046127883"
"PYF","French Polynesia","2023","107.992488687783"
"PYF","French Polynesia","2024","114.863509481182"
"NCL","New Caledonia","2014","98.2881970183675"
"NCL","New Caledonia","2015","109.609350601635"
"NCL","New Caledonia","2016","113.207190968599"
"NCL","New Caledonia","2017","99.501125656633"
"NCL","New Caledonia","2018","104.219825327511"
"NCL","New Caledonia","2019","106.223695923091"
"NCL","New Caledonia","2020","97.246923641105"
"NCL","New Caledonia","2021","105.360851138972"
"NCL","New Caledonia","2022","111.88046127883"
"NCL","New Caledonia","2023","107.992488687783"
"NCL","New Caledonia","2024","114.863509481182"
"ARM","Armenia, Republic of","2014","474.97"
"ARM","Armenia, Republic of","2015","483.75"
"ARM","Armenia, Republic of","2016","483.94"
"ARM","Armenia, Republic of","2017","484.1"
"ARM","Armenia, Republic of","2018","483.75"
"ARM","Armenia, Republic of","2019","479.7"
"ARM","Armenia, Republic of","2020","522.59"
"ARM","Armenia, Republic of","2021","480.14"
"ARM","Armenia, Republic of","2022","393.57"
"ARM","Armenia, Republic of","2023","404.79"
"ARM","Armenia, Republic of","2024","396.56"
"GIB","Gibraltar","2014","0.640697078421322"
"GIB","Gibraltar","2015","0.674809366354005"
"GIB","Gibraltar","2016","0.812875955129247"
"GIB","Gibraltar","2017","0.740110276431188"
"GIB","Gibraltar","2018","0.787680674254657"
"GIB","Gibraltar","2019","0.762107990702283"
"GIB","Gibraltar","2020","0.745156482861401"
"GIB","Gibraltar","2021","0.744379931517046"
"GIB","Gibraltar","2022","0.828637719588996"
"GIB","Gibraltar","2023","0.785206705665266"
"GIB","Gibraltar","2024","0.797098561237097"
"DNK","Denmark","2014","6.1214"
"DNK","Denmark","2015","6.83"
"DNK","Denmark","2016","7.0528"
"DNK","Denmark","2017","6.2077"
"DNK","Denmark","2018","6.5194"
"DNK","Denmark","2019","6.6759"
"DNK","Denmark","2020","6.0576"
"DNK","Denmark","2021","6.5612"
"DNK","Denmark","2022","6.9722"
"DNK","Denmark","2023","6.7447"
"DNK","Denmark","2024","7.1429"
"PHL","Philippines","2014","44.617"
"PHL","Philippines","2015","47.166"
"PHL","Philippines","2016","49.813"
"PHL","Philippines","2017","49.923"
"PHL","Philippines","2018","52.724"
"PHL","Philippines","2019","50.744"
"PHL","Philippines","2020","48.036"
"PHL","Philippines","2021","50.774"
"PHL","Philippines","2022","56.12"
"PHL","Philippines","2023","55.567"
"PHL","Philippines","2024","58.014"
"CAF","Central African Republic","2014","540.282513796228"
"CAF","Central African Republic","2015","602.514007531919"
"CAF","Central African Republic","2016","622.291053979698"
"CAF","Central African Republic","2017","546.949887434337"
"CAF","Central African Republic","2018","572.888209606987"
"CAF","Central African Republic","2019","583.903329179277"
"CAF","Central African Republic","2020","534.558715671094"
"CAF","Central African Republic","2021","579.16033904291"
"CAF","Central African Republic","2022","614.998124882805"
"CAF","Central African Republic","2023","593.626244343891"
"CAF","Central African Republic","2024","631.3957069977861"
"GTM","Guatemala","2014","7.59545"
"GTM","Guatemala","2015","7.652785"
"GTM","Guatemala","2016","7.54947"
"GTM","Guatemala","2017","7.34376"
"GTM","Guatemala","2018","7.731815"
"GTM","Guatemala","2019","7.70085"
"GTM","Guatemala","2020","7.795435"
"GTM","Guatemala","2021","7.71926"
"GTM","Guatemala","2022","7.853325"
"GTM","Guatemala","2023","7.82636"
"GTM","Guatemala","2024","7.706835"
"JPN","Japan","2014","120.64"
"JPN","Japan","2015","120.5"
"JPN","Japan","2016","116.8"
"JPN","Japan","2017","112.9"
"JPN","Japan","2018","110.83"
"JPN","Japan","2019","109.12"
"JPN","Japan","2020","103.63"
"JPN","Japan","2021","114.21"
"JPN","Japan","2022","132.65"
"JPN","Japan","2023","141.91"
"JPN","Japan","2024","156.65"
"URY","Uruguay","2014","24.333"
"URY","Uruguay","2015","29.873"
"URY","Uruguay","2016","29.256"
"URY","Uruguay","2017","28.764"
"URY","Uruguay","2018","32.39"
"URY","Uruguay","2019","37.336"
"URY","Uruguay","2020","42.34"
"URY","Uruguay","2021","44.695"
"URY","Uruguay","2022","40.071"
"URY","Uruguay","2023","39.022"
"URY","Uruguay","2024","44.066"
"SWZ","Eswatini, Kingdom of","2014","11.58095"
"SWZ","Eswatini, Kingdom of","2015","15.545"
"SWZ","Eswatini, Kingdom of","2016","13.68445"
"SWZ","Eswatini, Kingdom of","2017","12.3152709359606"
"SWZ","Eswatini, Kingdom of","2018","14.3766569097088"
"SWZ","Eswatini, Kingdom of","2019","14.0623"
"SWZ","Eswatini, Kingdom of","2020","14.5965"
"SWZ","Eswatini, Kingdom of","2021","15.193"
"SWZ","Eswatini, Kingdom of","2022","17.114"
"SWZ","Eswatini, Kingdom of","2023","18.4175"
"SWZ","Eswatini, Kingdom of","2024","18.3854"
"NRU","Nauru, Republic of","2014","1.21921482565228"
"NRU","Nauru, Republic of","2015","1.36873802354229"
"NRU","Nauru, Republic of","2016","1.38197899391929"
"NRU","Nauru, Republic of","2017","1.28205128205128"
"NRU","Nauru, Republic of","2018","1.4168319637291"
"NRU","Nauru, Republic of","2019","1.42734798743934"
"NRU","Nauru, Republic of","2020","1.29836406128278"
"NRU","Nauru, Republic of","2021","1.37816979051819"
"NRU","Nauru, Republic of","2022","1.4760147601476"
"NRU","Nauru, Republic of","2023","1.46198830409357"
"NRU","Nauru, Republic of","2024","1.60849284220685"
"SGP","Singapore","2014","1.3213"
"SGP","Singapore","2015","1.4139"
"SGP","Singapore","2016","1.4463"
"SGP","Singapore","2017","1.3366"
"SGP","Singapore","2018","1.3648"
"SGP","Singapore","2019","1.3472"
"SGP","Singapore","2020","1.3221"
"SGP","Singapore","2021","1.3517"
"SGP","Singapore","2022","1.3446"
"SGP","Singapore","2023","1.3186"
"SGP","Singapore","2024","1.3603"
"TUR","Türkiye, Republic of","2014","2.32095"
"TUR","Türkiye, Republic of","2015","2.9102"
"TUR","Türkiye, Republic of","2016","3.52235"
"TUR","Türkiye, Republic of","2017","3.7753"
"TUR","Türkiye, Republic of","2018","5.26565"
"TUR","Türkiye, Republic of","2019","5.94555"
"TUR","Türkiye, Republic of","2020","7.3471"
"TUR","Türkiye, Republic of","2021","12.9892"
"TUR","Türkiye, Republic of","2022","18.71515"
"TUR","Türkiye, Republic of","2023","29.46475"
"TUR","Türkiye, Republic of","2024","35.25505"
"HUN","Hungary","2014","259.13"
"HUN","Hungary","2015","286.63"
"HUN","Hungary","2016","293.69"
"HUN","Hungary","2017","258.82"
"HUN","Hungary","2018","280.94"
"HUN","Hungary","2019","294.74"
"HUN","Hungary","2020","297.36"
"HUN","Hungary","2021","325.71"
"HUN","Hungary","2022","375.68"
"HUN","Hungary","2023","346.44"
"HUN","Hungary","2024","393.6"
"LSO","Lesotho, Kingdom of","2014","11.58095"
"LSO","Lesotho, Kingdom of","2015","15.545"
"LSO","Lesotho, Kingdom of","2016","13.68445"
"LSO","Lesotho, Kingdom of","2017","12.3152709359606"
"LSO","Lesotho, Kingdom of","2018","14.3766569097088"
"LSO","Lesotho, Kingdom of","2019","14.0255405092674"
"LSO","Lesotho, Kingdom of","2020","14.6859483377709"
"LSO","Lesotho, Kingdom of","2021","15.9054073613406"
"LSO","Lesotho, Kingdom of","2022","16.9935373577429"
"LSO","Lesotho, Kingdom of","2023","18.5211594986693"
"LSO","Lesotho, Kingdom of","2024","18.7439667856909"
"FJI","Fiji, Republic of","2014","1.9877"
"FJI","Fiji, Republic of","2015","2.1272"
"FJI","Fiji, Republic of","2016","2.1299"
"FJI","Fiji, Republic of","2017","2.0517"
"FJI","Fiji, Republic of","2018","2.1418"
"FJI","Fiji, Republic of","2019","2.1445"
"FJI","Fiji, Republic of","2020","2.0392"
"FJI","Fiji, Republic of","2021","2.1177"
"FJI","Fiji, Republic of","2022","2.2168"
"FJI","Fiji, Republic of","2023","2.2139"
"FJI","Fiji, Republic of","2024","2.348"
"KIR","Kiribati","2014","1.21921482565228"
"KIR","Kiribati","2015","1.36873802354229"
"KIR","Kiribati","2016","1.38197899391929"
"KIR","Kiribati","2017","1.28205128205128"
"KIR","Kiribati","2018","1.4168319637291"
"KIR","Kiribati","2019","1.42734798743934"
"KIR","Kiribati","2020","1.29836406128278"
"KIR","Kiribati","2021","1.37816979051819"
"KIR","Kiribati","2022","1.4760147601476"
"KIR","Kiribati","2023","1.46198830409357"
"KIR","Kiribati","2024","1.60849284220685"
"MNG","Mongolia","2014","1885.6"
"MNG","Mongolia","2015","1995.98"
"MNG","Mongolia","2016","2489.53"
"MNG","Mongolia","2017","2427.13"
"MNG","Mongolia","2018","2643.69"
"MNG","Mongolia","2019","2734.33"
"MNG","Mongolia","2020","2849.89"
"MNG","Mongolia","2021","2849.34"
"MNG","Mongolia","2022","3444.6"
"MNG","Mongolia","2023","3410.69"
"MNG","Mongolia","2024","3420.46"
"PER","Peru","2014","2.985"
"PER","Peru","2015","3.4105"
"PER","Peru","2016","3.356"
"PER","Peru","2017","3.2415"
"PER","Peru","2018","3.374"
"PER","Peru","2019","3.314"
"PER","Peru","2020","3.621"
"PER","Peru","2021","3.987"
"PER","Peru","2022","3.814"
"PER","Peru","2023","3.709"
"PER","Peru","2024","3.7655"
"BRA","Brazil","2014","2.6562"
"BRA","Brazil","2015","3.9048"
"BRA","Brazil","2016","3.2585"
"BRA","Brazil","2017","3.3074"
"BRA","Brazil","2018","3.8742"
"BRA","Brazil","2019","4.0301"
"BRA","Brazil","2020","5.1961"
"BRA","Brazil","2021","5.5799"
"BRA","Brazil","2022","5.2171"
"BRA","Brazil","2023","4.8407"
"BRA","Brazil","2024","6.1917"
"UZB","Uzbekistan, Republic of","2014","2422.39899999999"
"UZB","Uzbekistan, Republic of","2015","2809.98"
"UZB","Uzbekistan, Republic of","2016","3231.48"
"UZB","Uzbekistan, Republic of","2017","8120.07"
"UZB","Uzbekistan, Republic of","2018","8339.55"
"UZB","Uzbekistan, Republic of","2019","9507.56"
"UZB","Uzbekistan, Republic of","2020","10476.92"
"UZB","Uzbekistan, Republic of","2021","10837.66"
"UZB","Uzbekistan, Republic of","2022","11225.46"
"UZB","Uzbekistan, Republic of","2023","12338.77"
"UZB","Uzbekistan, Republic of","2024","12920.48"
"BGR","Bulgaria","2014","1.6084"
"BGR","Bulgaria","2015","1.7901"
"BGR","Bulgaria","2016","1.8555"
"BGR","Bulgaria","2017","1.6308"
"BGR","Bulgaria","2018","1.7082"
"BGR","Bulgaria","2019","1.741"
"BGR","Bulgaria","2020","1.5939"
"BGR","Bulgaria","2021","1.7269"
"BGR","Bulgaria","2022","1.8337"
"BGR","Bulgaria","2023","1.77"
"BGR","Bulgaria","2024","1.8826"
"ISR","Israel","2014","3.889"
"ISR","Israel","2015","3.902"
"ISR","Israel","2016","3.845"
"ISR","Israel","2017","3.467"
"ISR","Israel","2018","3.748"
"ISR","Israel","2019","3.456"
"ISR","Israel","2020","3.215"
"ISR","Israel","2021","3.11"
"ISR","Israel","2022","3.519"
"ISR","Israel","2023","3.627"
"ISR","Israel","2024","3.647"
"KWT","Kuwait","2014","0.292800046848008"
"KWT","Kuwait","2015","0.303499347476403"
"KWT","Kuwait","2016","0.30615"
"KWT","Kuwait","2017","0.3019"
"KWT","Kuwait","2018","0.30355"
"KWT","Kuwait","2019","0.30305"
"KWT","Kuwait","2020","0.3036"
"KWT","Kuwait","2021","0.3025"
"KWT","Kuwait","2022","0.30605"
"KWT","Kuwait","2023","0.30745"
"KWT","Kuwait","2024","0.30795"
"POL","Poland, Republic of","2014","3.5072"
"POL","Poland, Republic of","2015","3.9011"
"POL","Poland, Republic of","2016","4.1793"
"POL","Poland, Republic of","2017","3.4813"
"POL","Poland, Republic of","2018","3.7597"
"POL","Poland, Republic of","2019","3.7977"
"POL","Poland, Republic of","2020","3.7584"
"POL","Poland, Republic of","2021","4.06"
"POL","Poland, Republic of","2022","4.4018"
"POL","Poland, Republic of","2023","3.935"
"POL","Poland, Republic of","2024","4.1012"
"THA","Thailand","2014","32.963"
"THA","Thailand","2015","36.0886"
"THA","Thailand","2016","35.8307"
"THA","Thailand","2017","32.6809"
"THA","Thailand","2018","32.4498"
"THA","Thailand","2019","30.154"
"THA","Thailand","2020","30.0371"
"THA","Thailand","2021","33.4199"
"THA","Thailand","2022","34.5624"
"THA","Thailand","2023","34.2233"
"THA","Thailand","2024","33.9879"
"NAM","Namibia","2014","11.58095"
"NAM","Namibia","2015","15.545"
"NAM","Namibia","2016","13.62395"
"NAM","Namibia","2017","12.393"
"NAM","Namibia","2018","14.43085"
"NAM","Namibia","2019","14.12345"
"NAM","Namibia","2020","14.62175"
"NAM","Namibia","2021","15.90645"
"NAM","Namibia","2022","16.96245"
"NAM","Namibia","2023","18.5615"
"NAM","Namibia","2024","18.7988"
"ROU","Romania","2014","3.6868"
"ROU","Romania","2015","4.1477"
"ROU","Romania","2016","4.3033"
"ROU","Romania","2017","3.8915"
"ROU","Romania","2018","4.0736"
"ROU","Romania","2019","4.2608"
"ROU","Romania","2020","3.966"
"ROU","Romania","2021","4.3707"
"ROU","Romania","2022","4.6346"
"ROU","Romania","2023","4.4958"
"ROU","Romania","2024","4.7768"
"MAC","Macao Special Administrative Region, People's Republic of China","2014","7.9899"
"MAC","Macao Special Administrative Region, People's Republic of China","2015","7.9834"
"MAC","Macao Special Administrative Region, People's Republic of China","2016","7.9877"
"MAC","Macao Special Administrative Region, People's Republic of China","2017","8.0518"
"MAC","Macao Special Administrative Region, People's Republic of China","2018","8.0664"
"MAC","Macao Special Administrative Region, People's Republic of China","2019","8.0216"
"MAC","Macao Special Administrative Region, People's Republic of China","2020","7.9852"
"MAC","Macao Special Administrative Region, People's Republic of China","2021","8.0319"
"MAC","Macao Special Administrative Region, People's Republic of China","2022","8.0308"
"MAC","Macao Special Administrative Region, People's Republic of China","2023","8.0502"
"MAC","Macao Special Administrative Region, People's Republic of China","2024","7.9955"
"ZAF","South Africa","2014","11.58095"
"ZAF","South Africa","2015","15.545"
"ZAF","South Africa","2016","13.68445"
"ZAF","South Africa","2017","12.3152709359606"
"ZAF","South Africa","2018","14.3766569097088"
"ZAF","South Africa","2019","14.0255405092674"
"ZAF","South Africa","2020","14.6859483377709"
"ZAF","South Africa","2021","15.9054073613406"
"ZAF","South Africa","2022","16.9935373577429"
"ZAF","South Africa","2023","18.5211594986693"
"ZAF","South Africa","2024","18.7439667856909"
"HND","Honduras","2014","21.5124"
"HND","Honduras","2015","22.3676"
"HND","Honduras","2016","23.5029"
"HND","Honduras","2017","23.5879"
"HND","Honduras","2018","24.3388"
"HND","Honduras","2019","24.635"
"HND","Honduras","2020","24.1141"
"HND","Honduras","2021","24.3454"
"HND","Honduras","2022","24.5978"
"HND","Honduras","2023","24.6513"
"HND","Honduras","2024","25.38"
"MDA","Moldova, Republic of","2014","15.6152"
"MDA","Moldova, Republic of","2015","19.6585"
"MDA","Moldova, Republic of","2016","19.9814"
"MDA","Moldova, Republic of","2017","17.1002"
"MDA","Moldova, Republic of","2018","17.1427"
"MDA","Moldova, Republic of","2019","17.2093"
"MDA","Moldova, Republic of","2020","17.2146"
"MDA","Moldova, Republic of","2021","17.7452"
"MDA","Moldova, Republic of","2022","19.1579"
"MDA","Moldova, Republic of","2023","17.4062"
"MDA","Moldova, Republic of","2024","18.4791"
"GMB","Gambia, The","2014","45.2800000000001"
"GMB","Gambia, The","2015","39.77"
"GMB","Gambia, The","2016","43.89"
"GMB","Gambia, The","2017","47.6226517441458"
"GMB","Gambia, The","2018","49.48"
"GMB","Gambia, The","2019","51.1"
"GMB","Gambia, The","2020","51.64"
"GMB","Gambia, The","2021","52.61"
"GMB","Gambia, The","2022","60.81"
"GMB","Gambia, The","2023","64.3"
"GMB","Gambia, The","2024","69.2003184436471"
"MKD","North Macedonia, Republic of","2014","50.5604"
"MKD","North Macedonia, Republic of","2015","56.3744"
"MKD","North Macedonia, Republic of","2016","58.3258"
"MKD","North Macedonia, Republic of","2017","51.2722"
"MKD","North Macedonia, Republic of","2018","53.6887"
"MKD","North Macedonia, Republic of","2019","54.9518"
"MKD","North Macedonia, Republic of","2020","50.2353"
"MKD","North Macedonia, Republic of","2021","54.3736"
"MKD","North Macedonia, Republic of","2022","57.6535"
"MKD","North Macedonia, Republic of","2023","55.6516"
"MKD","North Macedonia, Republic of","2024","58.8807"
"TWN","Taiwan Province of China","2014","31.718"
"TWN","Taiwan Province of China","2015","33.066"
"TWN","Taiwan Province of China","2016","32.279"
"TWN","Taiwan Province of China","2017","29.848"
"TWN","Taiwan Province of China","2018","30.733"
"TWN","Taiwan Province of China","2019","30.106"
"TWN","Taiwan Province of China","2020","28.508"
"TWN","Taiwan Province of China","2021","27.69"
"TWN","Taiwan Province of China","2022","30.708"
"TWN","Taiwan Province of China","2023","30.735"
"TWN","Taiwan Province of China","2024","32.781"
"ARG","Argentina","2014","8.51"
"ARG","Argentina","2015","13.1"
"ARG","Argentina","2016","15.9"
"ARG","Argentina","2017","18.6"
"ARG","Argentina","2018","37.6"
"ARG","Argentina","2019","59.79"
"ARG","Argentina","2020","84.05"
"ARG","Argentina","2021","102.62"
"ARG","Argentina","2022","177.06"
"ARG","Argentina","2023","806.95"
"ARG","Argentina","2024","1030.5"
"SRB","Serbia, Republic of","2014","99.4641"
"SRB","Serbia, Republic of","2015","111.2468"
"SRB","Serbia, Republic of","2016","117.1353"
"SRB","Serbia, Republic of","2017","99.1155"
"SRB","Serbia, Republic of","2018","103.3893"
"SRB","Serbia, Republic of","2019","104.9186"
"SRB","Serbia, Republic of","2020","95.6637"
"SRB","Serbia, Republic of","2021","103.9262"
"SRB","Serbia, Republic of","2022","110.1515"
"SRB","Serbia, Republic of","2023","105.8671"
"SRB","Serbia, Republic of","2024","112.4386"
"BGD","Bangladesh","2014","77.9494"
"BGD","Bangladesh","2015","78.5003"
"BGD","Bangladesh","2016","78.7022"
"BGD","Bangladesh","2017","82.7"
"BGD","Bangladesh","2018","83.9"
"BGD","Bangladesh","2019","84.9"
"BGD","Bangladesh","2020","84.8"
"BGD","Bangladesh","2021","85.8"
"BGD","Bangladesh","2022","99"
"BGD","Bangladesh","2023","110"
"BGD","Bangladesh","2024","120"
"AGO","Angola","2014","102.863"
"AGO","Angola","2015","135.315"
"AGO","Angola","2016","165.902613861386"
"AGO","Angola","2017","165.9235"
"AGO","Angola","2018","308.607"
"AGO","Angola","2019","482.227"
"AGO","Angola","2020","656.22535"
"AGO","Angola","2021","554.981"
"AGO","Angola","2022","503.691"
"AGO","Angola","2023","828.8"
"AGO","Angola","2024","912"
"MLI","Mali","2014","540.282513796228"
"MLI","Mali","2015","602.514007531919"
"MLI","Mali","2016","622.291053979698"
"MLI","Mali","2017","546.949887434337"
"MLI","Mali","2018","572.888209606987"
"MLI","Mali","2019","583.903329179277"
"MLI","Mali","2020","534.558715671094"
"MLI","Mali","2021","579.16033904291"
"MLI","Mali","2022","614.998124882805"
"MLI","Mali","2023","593.626244343891"
"MLI","Mali","2024","631.3957069977861"
"AUS","Australia","2014","1.21921482565228"
"AUS","Australia","2015","1.36873802354229"
"AUS","Australia","2016","1.38197899391929"
"AUS","Australia","2017","1.28205128205128"
"AUS","Australia","2018","1.4168319637291"
"AUS","Australia","2019","1.42734798743934"
"AUS","Australia","2020","1.29836406128278"
"AUS","Australia","2021","1.37816979051819"
"AUS","Australia","2022","1.4760147601476"
"AUS","Australia","2023","1.46198830409357"
"AUS","Australia","2024","1.60849284220685"
"NZL","New Zealand","2014","1.27730233746328"
"NZL","New Zealand","2015","1.46028037383178"
"NZL","New Zealand","2016","1.4351"
"NZL","New Zealand","2017","1.409"
"NZL","New Zealand","2018","1.4896"
"NZL","New Zealand","2019","1.4848"
"NZL","New Zealand","2020","1.3837"
"NZL","New Zealand","2021","1.4637"
"NZL","New Zealand","2022","1.5785"
"NZL","New Zealand","2023","1.5773"
"NZL","New Zealand","2024","1.773"
"BDI","Burundi","2014","1553.05"
"BDI","Burundi","2015","1617.13"
"BDI","Burundi","2016","1688.59"
"BDI","Burundi","2017","1766.7"
"BDI","Burundi","2018","1808.27"
"BDI","Burundi","2019","1881.6"
"BDI","Burundi","2020","1946.4"
"BDI","Burundi","2021","2006.1"
"BDI","Burundi","2022","2063.45"
"BDI","Burundi","2023","2856.11"
"BDI","Burundi","2024","2914.99"
"CRI","Costa Rica","2014","539.42"
"CRI","Costa Rica","2015","538.405"
"CRI","Costa Rica","2016","554.64"
"CRI","Costa Rica","2017","569.49"
"CRI","Costa Rica","2018","608.07"
"CRI","Costa Rica","2019","573.29"
"CRI","Costa Rica","2020","613.915"
"CRI","Costa Rica","2021","642.155"
"CRI","Costa Rica","2022","598.08"
"CRI","Costa Rica","2023","523.045"
"CRI","Costa Rica","2024","509.695"
"ZMB","Zambia","2014","6.39"
"ZMB","Zambia","2015","10.98"
"ZMB","Zambia","2016","9.92"
"ZMB","Zambia","2017","9.92"
"ZMB","Zambia","2018","11.92"
"ZMB","Zambia","2019","14.11"
"ZMB","Zambia","2020","21.166"
"ZMB","Zambia","2021","16.6733125"
"ZMB","Zambia","2022","18.0834375"
"ZMB","Zambia","2023","25.7228125"
"ZMB","Zambia","2024","27.8871428571429"
"WSM","Samoa","2014","2.42306760358614"
"WSM","Samoa","2015","2.59672812256557"
"WSM","Samoa","2016","2.58264462809917"
"WSM","Samoa","2017","2.51224720512498"
"WSM","Samoa","2018","2.62262687123"
"WSM","Samoa","2019","2.6267402153927"
"WSM","Samoa","2020","2.527805865"
"WSM","Samoa","2021","2.60416666"
"WSM","Samoa","2022","2.70197243988111"
"WSM","Samoa","2023","2.69978401727862"
"WSM","Samoa","2024","2.84495021337127"
"VEN","Venezuela, República Bolivariana de","2014","6.2842"
"VEN","Venezuela, República Bolivariana de","2015","6.2842"
"VEN","Venezuela, República Bolivariana de","2016","9.975"
"VEN","Venezuela, República Bolivariana de","2017","9.975"
"VEN","Venezuela, República Bolivariana de","2019","45760.118586"
"VEN","Venezuela, República Bolivariana de","2020","1086335.42831625"
"VEN","Venezuela, República Bolivariana de","2021","4.57822575"
"VEN","Venezuela, República Bolivariana de","2022","17.23550325"
"VEN","Venezuela, República Bolivariana de","2023","35.84067375"
"VEN","Venezuela, República Bolivariana de","2024","51.80466375"
"ZWE","Zimbabwe","2019","16.7734"
"ZWE","Zimbabwe","2020","81.7866"
"ZWE","Zimbabwe","2021","108.666"
"ZWE","Zimbabwe","2022","684.339"
"ZWE","Zimbabwe","2023","6104.7226"
"ZWE","Zimbabwe","2024","25.7985"
"SLB","Solomon Islands","2014","7.35835172921266"
"SLB","Solomon Islands","2015","8.06451612903226"
"SLB","Solomon Islands","2016","8.19672131147541"
"SLB","Solomon Islands","2017","7.86163522012579"
"SLB","Solomon Islands","2018","8.13008130081301"
"SLB","Solomon Islands","2019","8.19672131147541"
"SLB","Solomon Islands","2020","8.0450522928399"
"SLB","Solomon Islands","2021","8.09716599190283"
"SLB","Solomon Islands","2022","8.27814569536424"
"SLB","Solomon Islands","2023","8.4530853761623"
"SLB","Solomon Islands","2024","8.49617672047579"
"KHM","Cambodia","2014","4075"
"KHM","Cambodia","2015","4051.5"
"KHM","Cambodia","2016","4044.5"
"KHM","Cambodia","2017","4041.5"
"KHM","Cambodia","2018","4033"
"KHM","Cambodia","2019","4084"
"KHM","Cambodia","2020","4076.5"
"KHM","Cambodia","2021","4113.5"
"KHM","Cambodia","2022","4118"
"KHM","Cambodia","2023","4085"
"KHM","Cambodia","2024","4029.5"
"PRY","Paraguay","2014","4635.7"
"PRY","Paraguay","2015","5806.915"
"PRY","Paraguay","2016","5766.93"
"PRY","Paraguay","2017","5590.475"
"PRY","Paraguay","2018","5960.54"
"PRY","Paraguay","2019","6453.139999999999"
"PRY","Paraguay","2020","6916.805"
"PRY","Paraguay","2021","6879.105"
"PRY","Paraguay","2022","7331.26"
"PRY","Paraguay","2023","7273.605"
"PRY","Paraguay","2024","7827.815"
"MAR","Morocco","2014","9.0425"
"MAR","Morocco","2015","9.9057"
"MAR","Morocco","2016","10.096"
"MAR","Morocco","2017","9.3295"
"MAR","Morocco","2018","9.5655"
"MAR","Morocco","2019","9.5932"
"MAR","Morocco","2020","8.9048"
"MAR","Morocco","2021","9.2804"
"MAR","Morocco","2022","10.448"
"MAR","Morocco","2023","9.8929"
"MAR","Morocco","2024","10.1114"
"NIC","Nicaragua","2014","26.5984"
"NIC","Nicaragua","2015","27.9283"
"NIC","Nicaragua","2016","29.3247"
"NIC","Nicaragua","2017","30.7909"
"NIC","Nicaragua","2018","32.3304705379319"
"NIC","Nicaragua","2019","33.8381"
"NIC","Nicaragua","2020","34.8245"
"NIC","Nicaragua","2021","35.521"
"NIC","Nicaragua","2022","36.231369355572"
"NIC","Nicaragua","2023","36.6243"
"NIC","Nicaragua","2024","36.6243"
"SYC","Seychelles","2014","14.0389"
"SYC","Seychelles","2015","13.1547"
"SYC","Seychelles","2016","13.5057"
"SYC","Seychelles","2017","13.8357"
"SYC","Seychelles","2018","14.0215"
"SYC","Seychelles","2019","14.0922"
"SYC","Seychelles","2020","21.6173"
"SYC","Seychelles","2021","14.6991"
"SYC","Seychelles","2022","14.1240644840669"
"SYC","Seychelles","2023","14.1947077561167"
"SYC","Seychelles","2024","14.816670776993"
"LBR","Liberia","2014","82.5"
"LBR","Liberia","2015","88.5"
"LBR","Liberia","2016","102.5"
"LBR","Liberia","2017","125.45"
"LBR","Liberia","2018","157.5564"
"LBR","Liberia","2019","187.9268"
"LBR","Liberia","2020","164.22"
"LBR","Liberia","2021","145.3626"
"LBR","Liberia","2022","154.49155"
"LBR","Liberia","2023","188.5"
"LBR","Liberia","2024","184.64"
"GRD","Grenada","2014","2.7"
"GRD","Grenada","2015","2.7"
"GRD","Grenada","2016","2.7"
"GRD","Grenada","2017","2.7"
"GRD","Grenada","2018","2.7"
"GRD","Grenada","2019","2.7"
"GRD","Grenada","2020","2.7"
"GRD","Grenada","2021","2.7"
"GRD","Grenada","2022","2.7"
"GRD","Grenada","2023","2.7"
"GRD","Grenada","2024","2.7"
"GHA","Ghana","2014","3.2001"
"GHA","Ghana","2015","3.7944"
"GHA","Ghana","2016","4.2002"
"GHA","Ghana","2017","4.4157"
"GHA","Ghana","2018","4.82"
"GHA","Ghana","2019","5.5337"
"GHA","Ghana","2020","5.7602"
"GHA","Ghana","2021","6.0061"
"GHA","Ghana","2022","8.576"
"GHA","Ghana","2023","11.88"
"GHA","Ghana","2024","14.7"
"COD","Congo, Democratic Republic of the","2014","924.509"
"COD","Congo, Democratic Republic of the","2015","926.7605"
"COD","Congo, Democratic Republic of the","2016","1215.5887"
"COD","Congo, Democratic Republic of the","2017","1592.1927"
"COD","Congo, Democratic Republic of the","2018","1635.6153"
"COD","Congo, Democratic Republic of the","2019","1672.9467"
"COD","Congo, Democratic Republic of the","2020","1971.805"
"COD","Congo, Democratic Republic of the","2021","1999.9746"
"COD","Congo, Democratic Republic of the","2022","2014.8093"
"COD","Congo, Democratic Republic of the","2023","2668.9499"
"COD","Congo, Democratic Republic of the","2024","2850.87825784777"
"MDV","Maldives","2014","15.4"
"MDV","Maldives","2015","15.41"
"MDV","Maldives","2016","15.35"
"MDV","Maldives","2017","15.41"
"MDV","Maldives","2018","15.41"
"MDV","Maldives","2019","15.38"
"MDV","Maldives","2020","15.41"
"MDV","Maldives","2021","15.39"
"MDV","Maldives","2022","15.4"
"MDV","Maldives","2023","15.4"
"MDV","Maldives","2024","15.42"
"KEN","Kenya","2014","90.5016666666667"
"KEN","Kenya","2015","102.3114"
"KEN","Kenya","2016","102.485833333333"
"KEN","Kenya","2017","103.231666666667"
"KEN","Kenya","2018","101.846111111111"
"KEN","Kenya","2019","101.336470588235"
"KEN","Kenya","2020","109.171764705882"
"KEN","Kenya","2021","113.141176470588"
"KEN","Kenya","2022","123.373529411765"
"KEN","Kenya","2023","156.461764705882"
"KEN","Kenya","2024","129.2927"
"BOL","Bolivia","2014","6.91"
"BOL","Bolivia","2015","6.91"
"BOL","Bolivia","2016","6.91"
"BOL","Bolivia","2017","6.91"
"BOL","Bolivia","2018","6.91"
"BOL","Bolivia","2019","6.91"
"BOL","Bolivia","2020","6.91"
"BOL","Bolivia","2021","6.91"
"BOL","Bolivia","2022","6.91"
"BOL","Bolivia","2023","6.91"
"BOL","Bolivia","2024","6.91"
"NGA","Nigeria","2014","169.68"
"NGA","Nigeria","2015","197"
"NGA","Nigeria","2016","305"
"NGA","Nigeria","2017","306"
"NGA","Nigeria","2018","307"
"NGA","Nigeria","2019","307"
"NGA","Nigeria","2020","381"
"NGA","Nigeria","2021","435"
"NGA","Nigeria","2022","460"
"NGA","Nigeria","2023","899.893"
"NGA","Nigeria","2024","1535.82"
"JAM","Jamaica","2014","114.39"
"JAM","Jamaica","2015","120.02845"
"JAM","Jamaica","2016","127.819099999999"
"JAM","Jamaica","2017","124.3041"
"JAM","Jamaica","2018","126.8049"
"JAM","Jamaica","2019","131.17685"
"JAM","Jamaica","2020","141.709"
"JAM","Jamaica","2021","153.91995"
"JAM","Jamaica","2022","151.0082"
"JAM","Jamaica","2023","154.26805"
"JAM","Jamaica","2024","155.6022"
"BLR","Belarus, Republic of","2014","1.185"
"BLR","Belarus, Republic of","2015","1.8569"
"BLR","Belarus, Republic of","2016","1.9585"
"BLR","Belarus, Republic of","2017","1.9727"
"BLR","Belarus, Republic of","2018","2.1598"
"BLR","Belarus, Republic of","2019","2.1036"
"BLR","Belarus, Republic of","2020","2.5789"
"BLR","Belarus, Republic of","2021","2.5481"
"BLR","Belarus, Republic of","2022","2.7364"
"BLR","Belarus, Republic of","2023","3.1775"
"BLR","Belarus, Republic of","2024","3.4735"
"NOR","Norway","2014","7.43"
"NOR","Norway","2015","8.81"
"NOR","Norway","2016","8.62"
"NOR","Norway","2017","8.21"
"NOR","Norway","2018","8.69"
"NOR","Norway","2019","8.78"
"NOR","Norway","2020","8.53"
"NOR","Norway","2021","8.82"
"NOR","Norway","2022","9.86"
"NOR","Norway","2023","10.17"
"NOR","Norway","2024","11.35"
"AND","Andorra, Principality of","2020","0.814929508597506"
"AND","Andorra, Principality of","2021","0.88292424509977"
"AND","Andorra, Principality of","2022","0.937558597412338"
"AND","Andorra, Principality of","2023","0.904977375565611"
"AND","Andorra, Principality of","2024","0.9625565501973241"
"MDG","Madagascar, Republic of","2014","2596.73"
"MDG","Madagascar, Republic of","2015","3199.21"
"MDG","Madagascar, Republic of","2016","3347.94"
"MDG","Madagascar, Republic of","2017","3230.19"
"MDG","Madagascar, Republic of","2018","3470.24"
"MDG","Madagascar, Republic of","2019","3627.27"
"MDG","Madagascar, Republic of","2020","3824.84"
"MDG","Madagascar, Republic of","2021","3956.66"
"MDG","Madagascar, Republic of","2022","4461.98"
"MDG","Madagascar, Republic of","2023","4572.78"
"MDG","Madagascar, Republic of","2024","4692.38"
"BFA","Burkina Faso","2014","540.282513796228"
"BFA","Burkina Faso","2015","602.514007531919"
"BFA","Burkina Faso","2016","622.291053979698"
"BFA","Burkina Faso","2017","546.949887434337"
"BFA","Burkina Faso","2018","572.888209606987"
"BFA","Burkina Faso","2019","583.903329179277"
"BFA","Burkina Faso","2020","534.558715671094"
"BFA","Burkina Faso","2021","579.16033904291"
"BFA","Burkina Faso","2022","614.998124882805"
"BFA","Burkina Faso","2023","593.626244343891"
"BFA","Burkina Faso","2024","631.3957069977861"
"GUY","Guyana","2014","206.5"
"GUY","Guyana","2015","206.5"
"GUY","Guyana","2016","206.5"
"GUY","Guyana","2017","206.5"
"GUY","Guyana","2018","208.5"
"GUY","Guyana","2019","208.5"
"GUY","Guyana","2020","208.5"
"GUY","Guyana","2021","208.5"
"GUY","Guyana","2022","208.5"
"GUY","Guyana","2023","208.5"
"GUY","Guyana","2024","208.5"
"SUR","Suriname","2014","3.3"
"SUR","Suriname","2015","4"
"SUR","Suriname","2016","7.4195"
"SUR","Suriname","2017","7.458"
"SUR","Suriname","2018","7.458"
"SUR","Suriname","2019","7.458"
"SUR","Suriname","2020","14.154"
"SUR","Suriname","2021","21.0945"
"SUR","Suriname","2022","31.809"
"SUR","Suriname","2023","36.7455"
"SUR","Suriname","2024","35.274"
"NPL","Nepal","2014","99.67"
"NPL","Nepal","2015","107.3"
"NPL","Nepal","2016","108"
"NPL","Nepal","2017","102.95"
"NPL","Nepal","2018","115.04"
"NPL","Nepal","2019","113.3"
"NPL","Nepal","2020","117.83"
"NPL","Nepal","2021","121.39"
"NPL","Nepal","2022","131.94"
"NPL","Nepal","2023","132.81"
"NPL","Nepal","2024","135.67"
"HKG","Hong Kong Special Administrative Region, People's Republic of China","2014","7.7555"
"HKG","Hong Kong Special Administrative Region, People's Republic of China","2015","7.7505"
"HKG","Hong Kong Special Administrative Region, People's Republic of China","2016","7.754"
"HKG","Hong Kong Special Administrative Region, People's Republic of China","2017","7.814"
"HKG","Hong Kong Special Administrative Region, People's Republic of China","2018","7.834"
"HKG","Hong Kong Special Administrative Region, People's Republic of China","2019","7.787"
"HKG","Hong Kong Special Administrative Region, People's Republic of China","2020","7.753"
"HKG","Hong Kong Special Administrative Region, People's Republic of China","2021","7.798"
"HKG","Hong Kong Special Administrative Region, People's Republic of China","2022","7.808"
"HKG","Hong Kong Special Administrative Region, People's Republic of China","2023","7.811"
"HKG","Hong Kong Special Administrative Region, People's Republic of China","2024","7.764"
"UGA","Uganda","2014","2773.065"
"UGA","Uganda","2015","3377.01"
"UGA","Uganda","2016","3610.5"
"UGA","Uganda","2017","3635.08"
"UGA","Uganda","2018","3713.35"
"UGA","Uganda","2019","3665.20833333333"
"UGA","Uganda","2020","3650.07"
"UGA","Uganda","2021","3544.41"
"UGA","Uganda","2022","3715.69"
"UGA","Uganda","2023","3782.22222222222"
"UGA","Uganda","2024","3681.13636363636"
"GNB","Guinea-Bissau","2014","540.282513796228"
"GNB","Guinea-Bissau","2015","602.514007531919"
"GNB","Guinea-Bissau","2016","622.291053979698"
"GNB","Guinea-Bissau","2017","546.949887434337"
"GNB","Guinea-Bissau","2018","572.888209606987"
"GNB","Guinea-Bissau","2019","583.903329179277"
"GNB","Guinea-Bissau","2020","534.558715671094"
"GNB","Guinea-Bissau","2021","579.16033904291"
"GNB","Guinea-Bissau","2022","614.998124882805"
"GNB","Guinea-Bissau","2023","593.626244343891"
"GNB","Guinea-Bissau","2024","631.3957069977861"
"CHL","Chile","2014","607.38"
"CHL","Chile","2015","707.34"
"CHL","Chile","2016","667.29"
"CHL","Chile","2017","615.22"
"CHL","Chile","2018","695.69"
"CHL","Chile","2019","744.62"
"CHL","Chile","2020","728.96"
"CHL","Chile","2021","866.25"
"CHL","Chile","2022","867.01"
"CHL","Chile","2023","872.95"
"CHL","Chile","2024","991.18"
"NER","Niger","2014","540.282513796228"
"NER","Niger","2015","602.514007531919"
"NER","Niger","2016","622.291053979698"
"NER","Niger","2017","546.949887434337"
"NER","Niger","2018","572.888209606987"
"NER","Niger","2019","583.903329179277"
"NER","Niger","2020","534.558715671094"
"NER","Niger","2021","579.16033904291"
"NER","Niger","2022","614.998124882805"
"NER","Niger","2023","593.626244343891"
"NER","Niger","2024","631.3957069977861"
"TCD","Chad","2014","540.282513796228"
"TCD","Chad","2015","602.514007531919"
"TCD","Chad","2016","622.291053979698"
"TCD","Chad","2017","546.949887434337"
"TCD","Chad","2018","572.888209606987"
"TCD","Chad","2019","583.903329179277"
"TCD","Chad","2020","534.558715671094"
"TCD","Chad","2021","579.16033904291"
"TCD","Chad","2022","614.998124882805"
"TCD","Chad","2023","593.626244343891"
"TCD","Chad","2024","631.3957069977861"
"SWE","Sweden","2014","7.7366"
"SWE","Sweden","2015","8.4408"
"SWE","Sweden","2016","9.0622"
"SWE","Sweden","2017","8.208"
"SWE","Sweden","2018","8.9562"
"SWE","Sweden","2019","9.2993"
"SWE","Sweden","2020","8.1772"
"SWE","Sweden","2021","9.0381"
"SWE","Sweden","2022","10.4273"
"SWE","Sweden","2023","10.0416"
"SWE","Sweden","2024","11.0299"
"CPV","Cabo Verde","2014","90.68"
"CPV","Cabo Verde","2015","100.92"
"CPV","Cabo Verde","2016","105.49"
"CPV","Cabo Verde","2017","92.396"
"CPV","Cabo Verde","2018","96.268"
"CPV","Cabo Verde","2019","98.548"
"CPV","Cabo Verde","2020","89.78503"
"CPV","Cabo Verde","2021","97.554"
"CPV","Cabo Verde","2022","103.633"
"CPV","Cabo Verde","2023","100.378"
"CPV","Cabo Verde","2024","105.668"
"CAN","Canada","2014","1.1601"
"CAN","Canada","2015","1.384"
"CAN","Canada","2016","1.3427"
"CAN","Canada","2017","1.2545"
"CAN","Canada","2018","1.3641"
"CAN","Canada","2019","1.3059"
"CAN","Canada","2020","1.2856"
"CAN","Canada","2021","1.2865"
"CAN","Canada","2022","1.3603"
"CAN","Canada","2023","1.3258"
"CAN","Canada","2024","1.437"
"ARE","United Arab Emirates","2014","3.6725"
"ARE","United Arab Emirates","2015","3.6725"
"ARE","United Arab Emirates","2016","3.6725"
"ARE","United Arab Emirates","2017","3.6725"
"ARE","United Arab Emirates","2018","3.6725"
"ARE","United Arab Emirates","2019","3.6725"
"ARE","United Arab Emirates","2020","3.6725"
"ARE","United Arab Emirates","2021","3.6725"
"ARE","United Arab Emirates","2022","3.6725"
"ARE","United Arab Emirates","2023","3.6725"
"ARE","United Arab Emirates","2024","3.6725"
"LIE","Liechtenstein, Principality of","2014","0.9891"
"LIE","Liechtenstein, Principality of","2015","0.9921"
"LIE","Liechtenstein, Principality of","2016","1.016"
"LIE","Liechtenstein, Principality of","2017","0.9753"
"LIE","Liechtenstein, Principality of","2018","0.985"
"LIE","Liechtenstein, Principality of","2019","0.96825"
"LIE","Liechtenstein, Principality of","2020","0.8812"
"LIE","Liechtenstein, Principality of","2021","0.9127"
"LIE","Liechtenstein, Principality of","2022","0.92325"
"LIE","Liechtenstein, Principality of","2023","0.84005"
"LIE","Liechtenstein, Principality of","2024","0.9038"
"KAZ","Kazakhstan, Republic of","2014","182.35"
"KAZ","Kazakhstan, Republic of","2015","340.01"
"KAZ","Kazakhstan, Republic of","2016","333.29"
"KAZ","Kazakhstan, Republic of","2017","332.33"
"KAZ","Kazakhstan, Republic of","2018","384.2"
"KAZ","Kazakhstan, Republic of","2019","382.59"
"KAZ","Kazakhstan, Republic of","2020","420.91"
"KAZ","Kazakhstan, Republic of","2021","431.8"
"KAZ","Kazakhstan, Republic of","2022","462.65"
"KAZ","Kazakhstan, Republic of","2023","454.56"
"KAZ","Kazakhstan, Republic of","2024","525.11"
"BRB","Barbados","2014","2"
"BRB","Barbados","2015","2"
"BRB","Barbados","2016","2"
"BRB","Barbados","2017","2"
"BRB","Barbados","2018","2"
"BRB","Barbados","2019","2"
"BRB","Barbados","2020","2"
"BRB","Barbados","2021","2"
"BRB","Barbados","2022","2"
"BRB","Barbados","2023","2"
"BRB","Barbados","2024","2"
"CHE","Switzerland","2014","0.9891"
"CHE","Switzerland","2015","0.9921"
"CHE","Switzerland","2016","1.016"
"CHE","Switzerland","2017","0.9753"
"CHE","Switzerland","2018","0.985"
"CHE","Switzerland","2019","0.96825"
"CHE","Switzerland","2020","0.8812"
"CHE","Switzerland","2021","0.9127"
"CHE","Switzerland","2022","0.92325"
"CHE","Switzerland","2023","0.84005"
"CHE","Switzerland","2024","0.9038"
"AZE","Azerbaijan, Republic of","2014","0.7844"
"AZE","Azerbaijan, Republic of","2015","1.5594"
"AZE","Azerbaijan, Republic of","2016","1.7707"
"AZE","Azerbaijan, Republic of","2017","1.7001"
"AZE","Azerbaijan, Republic of","2018","1.7"
"AZE","Azerbaijan, Republic of","2019","1.7"
"AZE","Azerbaijan, Republic of","2020","1.7"
"AZE","Azerbaijan, Republic of","2021","1.7"
"AZE","Azerbaijan, Republic of","2022","1.7"
"AZE","Azerbaijan, Republic of","2023","1.7"
"AZE","Azerbaijan, Republic of","2024","1.7"
"TUV","Tuvalu","2014","1.21921482565228"
"TUV","Tuvalu","2015","1.36873802354229"
"TUV","Tuvalu","2016","1.38197899391929"
"TUV","Tuvalu","2017","1.28205128205128"
"TUV","Tuvalu","2018","1.4168319637291"
"TUV","Tuvalu","2019","1.42734798743934"
"TUV","Tuvalu","2020","1.29836406128278"
"TUV","Tuvalu","2021","1.37816979051819"
"TUV","Tuvalu","2022","1.4760147601476"
"TUV","Tuvalu","2023","1.46198830409357"
"TUV","Tuvalu","2024","1.60849284220685"
"COL","Colombia","2014","2392.46"
"COL","Colombia","2015","3149.47"
"COL","Colombia","2016","3000.71"
"COL","Colombia","2017","2971.63"
"COL","Colombia","2018","3275.01"
"COL","Colombia","2019","3277.14"
"COL","Colombia","2020","3432.5"
"COL","Colombia","2021","3981.16"
"COL","Colombia","2022","4810.2"
"COL","Colombia","2023","3822.05"
"COL","Colombia","2024","4409.15"
"TJK","Tajikistan, Republic of","2014","5.3079"
"TJK","Tajikistan, Republic of","2015","6.9902"
"TJK","Tajikistan, Republic of","2016","7.8762"
"TJK","Tajikistan, Republic of","2017","8.819"
"TJK","Tajikistan, Republic of","2018","9.4296"
"TJK","Tajikistan, Republic of","2019","9.6872"
"TJK","Tajikistan, Republic of","2020","11.3"
"TJK","Tajikistan, Republic of","2021","11.3"
"TJK","Tajikistan, Republic of","2022","10.2024"
"TJK","Tajikistan, Republic of","2023","10.9571"
"TJK","Tajikistan, Republic of","2024","10.9325"
"PAK","Pakistan","2014","100.4586"
"PAK","Pakistan","2015","104.8655"
"PAK","Pakistan","2016","104.813"
"PAK","Pakistan","2017","110.43275"
"PAK","Pakistan","2018","138.79215"
"PAK","Pakistan","2019","154.86565"
"PAK","Pakistan","2020","159.59175"
"PAK","Pakistan","2021","176.5191"
"PAK","Pakistan","2022","226.4731"
"PAK","Pakistan","2023","281.9244"
"PAK","Pakistan","2024","278.56715"
"COG","Congo, Republic of","2014","540.282513796228"
"COG","Congo, Republic of","2015","602.514007531919"
"COG","Congo, Republic of","2016","622.291053979698"
"COG","Congo, Republic of","2017","546.949887434337"
"COG","Congo, Republic of","2018","572.888209606987"
"COG","Congo, Republic of","2019","583.903329179277"
"COG","Congo, Republic of","2020","534.558715671094"
"COG","Congo, Republic of","2021","579.16033904291"
"COG","Congo, Republic of","2022","614.998124882805"
"COG","Congo, Republic of","2023","593.626244343891"
"COG","Congo, Republic of","2024","631.3957069977861"
"TLS","Timor-Leste, Democratic Republic of","2014","1"
"TLS","Timor-Leste, Democratic Republic of","2015","1"
"TLS","Timor-Leste, Democratic Republic of","2016","1"
"TLS","Timor-Leste, Democratic Republic of","2017","1"
"TLS","Timor-Leste, Democratic Republic of","2018","1"
"TLS","Timor-Leste, Democratic Republic of","2019","1"
"TLS","Timor-Leste, Democratic Republic of","2020","1"
"TLS","Timor-Leste, Democratic Republic of","2021","1"
"TLS","Timor-Leste, Democratic Republic of","2022","1"
"TLS","Timor-Leste, Democratic Republic of","2023","1"
"TLS","Timor-Leste, Democratic Republic of","2024","1"
"DZA","Algeria","2014","87.9039"
"DZA","Algeria","2015","107.1317"
"DZA","Algeria","2016","110.5274"
"DZA","Algeria","2017","114.9327"
"DZA","Algeria","2018","118.2906"
"DZA","Algeria","2019","119.1596"
"DZA","Algeria","2020","132.1319"
"DZA","Algeria","2021","138.8376"
"DZA","Algeria","2022","137.2214"
"DZA","Algeria","2023","134.2735"
"DZA","Algeria","2024","135.6577"
"PNG","Papua New Guinea","2014","2.594"
"PNG","Papua New Guinea","2015","3.0075"
"PNG","Papua New Guinea","2016","3.1746"
"PNG","Papua New Guinea","2017","3.23101777059774"
"PNG","Papua New Guinea","2018","3.36700336700337"
"PNG","Papua New Guinea","2019","3.40715502555366"
"PNG","Papua New Guinea","2020","3.50877192982456"
"PNG","Papua New Guinea","2021","3.50877192982456"
"PNG","Papua New Guinea","2022","3.52112676056338"
"PNG","Papua New Guinea","2023","3.72717107715244"
"PNG","Papua New Guinea","2024","4"
"JEY","Jersey","2014","0.640697078421322"
"JEY","Jersey","2015","0.674809366354005"
"JEY","Jersey","2016","0.812875955129247"
"JEY","Jersey","2017","0.740110276431188"
"JEY","Jersey","2018","0.787680674254657"
"JEY","Jersey","2019","0.762107990702283"
"JEY","Jersey","2020","0.745156482861401"
"JEY","Jersey","2021","0.744379931517046"
"JEY","Jersey","2022","0.828637719588996"
"JEY","Jersey","2023","0.785206705665266"
"JEY","Jersey","2024","0.797098561237097"
"CZE","Czech Republic","2014","22.834"
"CZE","Czech Republic","2015","24.824"
"CZE","Czech Republic","2016","25.639"
"CZE","Czech Republic","2017","21.291"
"CZE","Czech Republic","2018","22.466"
"CZE","Czech Republic","2019","22.621"
"CZE","Czech Republic","2020","21.387"
"CZE","Czech Republic","2021","21.951"
"CZE","Czech Republic","2022","22.616"
"CZE","Czech Republic","2023","22.376"
"CZE","Czech Republic","2024","24.237"
"BLZ","Belize","2014","2"
"BLZ","Belize","2015","2"
"BLZ","Belize","2016","2"
"BLZ","Belize","2017","2"
"BLZ","Belize","2018","2"
"BLZ","Belize","2019","2"
"BLZ","Belize","2020","2"
"BLZ","Belize","2021","2"
"BLZ","Belize","2022","2"
"BLZ","Belize","2023","2"
"BLZ","Belize","2024","2"
"CWX","Curaçao and Sint Maarten","2014","1.79"
"CWX","Curaçao and Sint Maarten","2015","1.79"
"CWX","Curaçao and Sint Maarten","2016","1.79"
"CWX","Curaçao and Sint Maarten","2017","1.79"
"CWX","Curaçao and Sint Maarten","2018","1.79"
"CWX","Curaçao and Sint Maarten","2019","1.79"
"CWX","Curaçao and Sint Maarten","2020","1.79"
"CWX","Curaçao and Sint Maarten","2021","1.79"
"CWX","Curaçao and Sint Maarten","2022","1.79"
"CWX","Curaçao and Sint Maarten","2023","1.79"
"CWX","Curaçao and Sint Maarten","2024","1.79"
"TUN","Tunisia","2014","1.8612"
"TUN","Tunisia","2015","2.0321"
"TUN","Tunisia","2016","2.3389"
"TUN","Tunisia","2017","2.4839"
"TUN","Tunisia","2018","2.9944"
"TUN","Tunisia","2019","2.79847"
"TUN","Tunisia","2020","2.7047"
"TUN","Tunisia","2021","2.8865"
"TUN","Tunisia","2022","3.1101"
"TUN","Tunisia","2023","3.0657"
"TUN","Tunisia","2024","3.1845"
"EGY","Egypt, Arab Republic of","2014","7.1431"
"EGY","Egypt, Arab Republic of","2015","7.808"
"EGY","Egypt, Arab Republic of","2016","18.125"
"EGY","Egypt, Arab Republic of","2017","17.6808333333333"
"EGY","Egypt, Arab Republic of","2018","17.8693"
"EGY","Egypt, Arab Republic of","2019","15.9931"
"EGY","Egypt, Arab Republic of","2020","15.6842"
"EGY","Egypt, Arab Republic of","2021","15.6611"
"EGY","Egypt, Arab Republic of","2022","24.6894"
"EGY","Egypt, Arab Republic of","2023","30.8414"
"EGY","Egypt, Arab Republic of","2024","50.7866"
"HTI","Haiti","2014","46.7477"
"HTI","Haiti","2015","56.6969781892243"
"HTI","Haiti","2016","67.3943539473095"
"HTI","Haiti","2017","63.6871"
"HTI","Haiti","2018","77.1881"
"HTI","Haiti","2019","91.9841643403484"
"HTI","Haiti","2020","72.1605"
"HTI","Haiti","2021","99.8667"
"HTI","Haiti","2022","145.37"
"HTI","Haiti","2023","131.7785"
"HTI","Haiti","2024","130.3313"
"VNM","Vietnam","2014","21246"
"VNM","Vietnam","2015","21890"
"VNM","Vietnam","2016","22159"
"VNM","Vietnam","2017","22425"
"VNM","Vietnam","2018","22825"
"VNM","Vietnam","2019","23155"
"VNM","Vietnam","2020","23131"
"VNM","Vietnam","2021","23145"
"VNM","Vietnam","2022","23612"
"VNM","Vietnam","2023","23866"
"VNM","Vietnam","2024","24335"
"RWA","Rwanda","2014","694.374186"
"RWA","Rwanda","2015","747.406886"
"RWA","Rwanda","2016","819.789172"
"RWA","Rwanda","2017","843.273321"
"RWA","Rwanda","2018","879.100874"
"RWA","Rwanda","2019","922.517438"
"RWA","Rwanda","2020","972.475036"
"RWA","Rwanda","2021","1009.617782"
"RWA","Rwanda","2022","1070.712397"
"RWA","Rwanda","2023","1263.930954"
"RWA","Rwanda","2024","1382.987342"
"G129","Benelux","",""
"EST","Estonia, Republic of","",""
"ESP","Spain","",""
"YUG","Yugoslavia, Socialist Federal Republic of","",""
"MLT","Malta","",""
"PRT","Portugal","",""
"CYP","Cyprus","",""
"REU","Réunion","",""
"YMD","Yemen, People's Democratic Republic of","",""
"FIN","Finland","",""
"DDR","German Democratic Republic","",""
"ANT","Netherlands Antilles","",""
"CSK","Czechoslovakia","",""
"LVA","Latvia, Republic of","",""
"DEU","Germany","",""
"LUX","Luxembourg","",""
"GUF","French Guiana","",""
"YAR","Yemen Arab Republic","",""
"SVN","Slovenia, Republic of","",""
"SVK","Slovak Republic","",""
"SUN","Union of Soviet Socialist Republics (USSR)","",""
"BEL","Belgium","",""
"NLD","Netherlands, The","",""
"IRL","Ireland","",""
"ITA","Italy","",""
"MTQ","Martinique","",""
"SPM","St. Pierre and Miquelon","",""
"TKM","Turkmenistan","",""
"GRC","Greece","",""
"AUT","Austria","",""
"GLP","Guadeloupe","",""
"FRA","France","",""
"CUB","Cuba","",""
